Straight,EP,USP,Knot security,,Tie-down,가속 Avg,가속 Min
13.03 ,8.35 ,7.41 ,6.69 ,0.490 ,1.08 ,5.45 ,4.85 
,8.09 ,,6.22 ,0.491 ,,5.94 ,5.71 
,8.13 ,,6.91 ,0.482 ,,5.85 ,5.59 
,8.39 ,,6.81 ,0.487 ,,5.83 ,5.67 
,8.04 ,,6.45 ,0.484 ,,6.02 ,5.91 
,8.22 ,,6.71 ,0.490 ,,6.06 ,5.75 
12.84 ,7.91 ,6.70 ,6.75 ,0.483 ,1.16 ,5.79 ,5.57 
,8.02 ,,6.86 ,0.491 ,,6.03 ,5.75 
,7.90 ,,6.83 ,0.482 ,,5.92 ,5.60 
,8.03 ,,6.58 ,0.489 ,,5.92 ,5.60 
,8.33 ,,6.54 ,0.473 ,,6.58 ,6.34 
13.35 ,8.06 ,6.98 ,6.52 ,0.484 ,0.92 ,5.76 ,5.31 
,8.08 ,,6.19 ,0.486 ,,6.40 ,6.14 
,8.27 ,,5.74 ,0.486 ,,6.17 ,5.99 
,8.12 ,,6.65 ,0.487 ,,6.15 ,5.71 
,7.85 ,,6.87 ,0.477 ,,5.96 ,5.68 
,8.22 ,,6.78 ,0.479 ,,6.11 ,5.82 
13.24 ,8.07 ,7.07 ,6.60 ,0.487 ,0.83 ,5.80 ,4.66 
,8.07 ,,6.78 ,0.483 ,,6.04 ,5.90 
,8.22 ,,6.58 ,0.481 ,,6.15 ,5.71 
,8.27 ,,5.43 ,0.488 ,,5.99 ,5.88 
,7.97 ,,6.51 ,0.478 ,,6.29 ,5.84 
,7.90 ,,6.59 ,0.474 ,,6.08 ,5.78 
14.14 ,8.05 ,8.07 ,7.10 ,0.489 ,0.98 ,6.24 ,5.91 
,8.23 ,,7.48 ,0.495 ,,5.97 ,5.75 
,7.91 ,,6.81 ,0.486 ,,5.26 ,5.04 
,8.35 ,,6.66 ,0.493 ,,6.68 ,6.45 
,8.30 ,,6.94 ,0.492 ,,6.10 ,5.76 
,7.99 ,,6.38 ,0.487 ,,6.31 ,6.06 
12.70 ,8.12 ,6.50 ,6.90 ,0.492 ,0.97 ,6.26 ,6.04 
,8.19 ,,6.17 ,0.486 ,,5.42 ,4.53 
,8.19 ,,6.58 ,0.484 ,,6.35 ,6.22 
,7.85 ,,6.79 ,0.489 ,,6.31 ,6.09 
,7.98 ,,7.53 ,0.494 ,,6.08 ,5.88 
,8.23 ,,6.08 ,0.486 ,,6.18 ,5.83 
13.55 ,8.30 ,7.06 ,6.56 ,0.493 ,0.66 ,6.37 ,5.80 
,8.10 ,,6.61 ,0.490 ,,6.04 ,5.80 
,7.97 ,,6.06 ,0.489 ,,6.57 ,6.25 
,8.03 ,,6.58 ,0.484 ,,6.16 ,5.93 
,7.93 ,,7.09 ,0.481 ,,6.04 ,5.53 
,7.93 ,,6.66 ,0.483 ,,6.14 ,5.80 
13.10 ,8.16 ,7.43 ,6.85 ,0.494 ,0.81 ,6.05 ,5.96 
,8.14 ,,7.16 ,0.492 ,,6.34 ,6.07 
,8.14 ,,6.70 ,0.491 ,,6.24 ,5.99 
,8.17 ,,6.84 ,0.491 ,,5.99 ,5.76 
,7.92 ,,7.20 ,0.494 ,,6.02 ,5.88 
,7.88 ,,6.32 ,0.492 ,,6.12 ,5.90 
,8.23 ,,6.44 ,0.493 ,,6.23 ,5.94 
12.65 ,7.82 ,7.23 ,6.54 ,0.491 ,1.10 ,6.03 ,5.86 
,8.04 ,,6.39 ,0.490 ,,5.76 ,5.64 
,8.02 ,,6.55 ,0.489 ,,5.64 ,5.04 
,7.88 ,,7.11 ,0.483 ,,5.89 ,5.57 
13.42 ,7.92 ,7.29 ,6.66 ,0.484 ,0.98 ,5.64 ,5.47 
,8.43 ,,6.64 ,0.496 ,,5.96 ,5.76 
,8.09 ,,7.18 ,0.482 ,,6.04 ,5.91 
,8.44 ,,7.19 ,0.492 ,,5.95 ,5.50 
,8.17 ,,7.11 ,0.486 ,,5.74 ,5.31 
,8.14 ,,6.79 ,0.488 ,,6.15 ,5.92 
13.89 ,8.48 ,7.55 ,6.40 ,0.488 ,0.83 ,5.72 ,5.42 
,8.34 ,,6.55 ,0.498 ,,6.32 ,6.12 
13.16 ,7.81 ,6.96 ,6.67 ,0.484 ,2.06 ,5.87 ,5.66 
,8.44 ,,7.09 ,0.491 ,,6.23 ,5.86 
,8.01 ,,6.71 ,0.479 ,,5.89 ,5.64 
,8.09 ,,6.50 ,0.477 ,,5.98 ,5.69 
,8.16 ,,6.30 ,0.484 ,,6.10 ,5.86 
,8.22 ,,6.42 ,0.491 ,,6.04 ,5.90 
12.96 ,8.22 ,7.30 ,6.97 ,0.494 ,0.66 ,6.15 ,5.62 
,8.06 ,,6.82 ,0.484 ,,6.04 ,5.65 
,7.92 ,,5.90 ,0.484 ,,5.59 ,5.29 
,8.03 ,,6.39 ,0.486 ,,6.27 ,5.77 
,7.82 ,,6.48 ,0.483 ,,5.82 ,5.60 
13.80 ,8.05 ,7.15 ,6.72 ,0.492 ,0.86 ,6.29 ,5.98 
,8.04 ,,6.63 ,0.482 ,,6.12 ,5.90 
,8.34 ,,6.32 ,0.491 ,,5.66 ,5.46 
,8.28 ,,6.06 ,0.489 ,,5.99 ,5.79 
,8.01 ,,6.82 ,0.486 ,,5.98 ,5.54 
13.39 ,8.26 ,7.27 ,7.22 ,0.490 ,0.58 ,6.25 ,6.09 
,8.31 ,,6.26 ,0.494 ,,6.23 ,5.84 
,8.23 ,,6.13 ,0.490 ,,5.99 ,8.23 
,8.02 ,,6.71 ,0.483 ,,5.82 ,5.42 
,8.04 ,,6.65 ,0.485 ,,5.95 ,5.82 
,8.28 ,,6.27 ,0.490 ,,6.21 ,6.01 
12.76 ,7.80 ,7.06 ,6.83 ,0.477 ,0.760 ,5.63 ,5.51 
,7.95 ,,6.72 ,0.476 ,,5.92 ,5.78 
,8.33 ,,6.71 ,0.492 ,,5.74 ,5.62 
,7.81 ,,6.28 ,0.492 ,,5.65 ,5.53 
,8.06 ,,6.49 ,0.489 ,,6.14 ,5.60 
12.98 ,8.29 ,7.01 ,6.39 ,0.491 ,0.56 ,5.38 ,5.12 
,7.84 ,,6.87 ,0.482 ,,5.76 ,5.63 
12.15 ,7.85 ,7.42 ,6.71 ,0.495 ,0.77 ,5.97 ,5.73 
,7.73 ,,6.63 ,0.487 ,,5.99 ,5.76 
,7.89 ,,6.13 ,0.490 ,,5.98 ,5.81 
,7.87 ,,6.79 ,0.494 ,,6.03 ,5.70 
,8.10 ,,6.35 ,0.492 ,,5.96 ,5.86 
,8.12 ,,6.41 ,0.492 ,,5.89 ,5.42 
13.02 ,7.83 ,7.42 ,6.35 ,0.484 ,0.83 ,5.80 ,5.53 
,7.92 ,,6.90 ,0.484 ,,6.07 ,5.66 
,7.76 ,,6.38 ,0.491 ,,5.87 ,5.71 
,7.95 ,,6.27 ,0.498 ,,5.69 ,5.36 
,7.93 ,,6.83 ,0.486 ,,5.98 ,5.65 
,7.77 ,,6.82 ,0.493 ,,5.92 ,5.79 
12.54 ,7.91 ,7.18 ,6.79 ,0.478 ,0.72 ,5.86 ,5.69 
,8.16 ,,6.43 ,0.486 ,,5.84 ,5.68 
,8.24 ,,6.55 ,0.488 ,,5.78 ,5.51 
,7.99 ,,6.39 ,0.480 ,,5.97 ,5.74 
,8.08 ,,6.20 ,0.483 ,,6.12 ,5.94 
,7.74 ,,6.23 ,0.483 ,,6.06 ,5.93 
,8.30 ,,6.52 ,0.483 ,,5.82 ,5.72 
13.11 ,7.89 ,6.62 ,6.19 ,0.488 ,1.10 ,5.50 ,5.10 
,8.02 ,,6.12 ,0.486 ,,5.82 ,5.47 
,8.02 ,,6.41 ,0.483 ,,6.35 ,5.76 
,8.14 ,,6.24 ,0.486 ,,6.26 ,5.90 
,7.80 ,,6.34 ,0.481 ,,6.09 ,5.76 
,8.19 ,,6.43 ,0.486 ,,6.09 ,5.60 
13.44 ,7.91 ,7.18 ,6.75 ,0.486 ,0.91 ,6.11 ,6.02 
,8.03 ,,6.45 ,0.483 ,,5.94 ,5.67 
,7.93 ,,6.39 ,0.480 ,,5.79 ,5.61 
,8.27 ,,6.80 ,0.492 ,,5.57 ,5.35 
,8.06 ,,6.42 ,0.486 ,,5.96 ,5.83 
,7.85 ,,6.37 ,0.485 ,,5.93 ,5.74 
,7.97 ,,6.08 ,0.490 ,,6.20 ,5.95 
12.44 ,7.96 ,7.30 ,6.69 ,0.489 ,0.89 ,6.14 ,5.83 
,8.31 ,,6.52 ,0.486 ,,5.89 ,5.54 
,7.94 ,,6.56 ,0.493 ,,5.94 ,5.58 
,7.74 ,,6.02 ,0.485 ,,5.96 ,5.62 
,8.17 ,,6.54 ,0.491 ,,5.92 ,5.44 
13.14 ,8.15 ,7.03 ,6.59 ,0.486 ,1.40 ,6.06 ,5.76 
,8.04 ,,6.58 ,0.485 ,,6.06 ,5.91 
,8.01 ,,6.58 ,0.493 ,,5.91 ,5.68 
,8.35 ,,6.68 ,0.492 ,,6.19 ,5.63 
,8.20 ,,6.66 ,0.482 ,,6.10 ,5.90 
,7.88 ,,6.43 ,0.484 ,,5.77 ,5.64 
13.40 ,7.98 ,7.20 ,6.50 ,0.487 ,0.88 ,5.76 ,5.30 
,7.96 ,,6.97 ,0.490 ,,5.96 ,5.77 
,7.85 ,,7.12 ,0.472 ,,6.06 ,5.76 
,8.15 ,,6.51 ,0.485 ,,5.91 ,5.68 
,7.87 ,,7.18 ,0.478 ,,5.92 ,5.82 
13.41 ,8.12 ,6.88 ,6.90 ,0.485 ,0.90 ,6.06 ,5.69 
,8.18 ,,6.39 ,0.487 ,,5.92 ,5.71 
,7.87 ,,6.75 ,0.495 ,,6.01 ,5.81 
12.45 ,8.06 ,7.22 ,6.82 ,0.486 ,1.25 ,5.80 ,5.64 
,8.10 ,,6.87 ,0.491 ,,5.73 ,5.50 
,8.08 ,,6.31 ,0.494 ,,5.85 ,5.66 
,8.04 ,,6.87 ,0.497 ,,5.90 ,5.46 
,7.88 ,,6.98 ,0.491 ,,6.00 ,5.77 
13.23 ,8.30 ,7.64 ,6.65 ,0.494 ,0.92 ,6.17 ,5.49 
,8.09 ,,6.92 ,0.479 ,,5.88 ,5.66 
,7.73 ,,6.61 ,0.489 ,,6.00 ,5.47 
,7.89 ,,6.73 ,0.484 ,,5.88 ,5.62 
,8.04 ,,6.48 ,0.487 ,,6.06 ,5.66 
,8.16 ,,6.41 ,0.485 ,,5.94 ,5.58 
13.31 ,8.34 ,7.35 ,7.03 ,0.487 ,1.12 ,6.33 ,6.11 
,8.35 ,,7.01 ,0.492 ,,6.43 ,6.01 
12.85 ,8.04 ,7.32 ,6.31 ,0.491 ,0.68 ,5.86 ,5.72 
,8.03 ,,6.41 ,0.489 ,,6.08 ,5.64 
,7.94 ,,6.31 ,0.479 ,,5.85 ,5.71 
,8.01 ,,6.40 ,0.479 ,,6.22 ,5.91 
,8.24 ,,5.97 ,0.493 ,,6.13 ,5.97 
,8.22 ,,6.61 ,0.487 ,,6.32 ,6.04 
12.60 ,8.00 ,7.13 ,6.47 ,0.484 ,0.79 ,5.59 ,5.35 
,7.90 ,,6.68 ,0.487 ,,6.18 ,5.98 
,7.98 ,,7.07 ,0.480 ,,5.94 ,5.58 
,8.18 ,,6.67 ,0.483 ,,5.84 ,5.54 
,8.13 ,,7.01 ,0.491 ,,6.14 ,5.70 
,8.22 ,,6.72 ,0.482 ,,5.88 ,5.62 
12.73 ,8.17 ,6.78 ,7.20 ,0.492 ,0.69 ,6.26 ,6.00 
,8.22 ,,6.88 ,0.495 ,,5.88 ,5.55 
,7.69 ,,6.67 ,0.479 ,,5.91 ,5.87 
,7.94 ,,6.83 ,0.486 ,,5.79 ,5.52 
13.55 ,8.48 ,7.37 ,7.05 ,0.490 ,0.85 ,5.70 ,5.04 
,8.09 ,,7.26 ,0.483 ,,6.32 ,5.94 
,8.42 ,,7.05 ,0.486 ,,5.73 ,5.10 
,8.45 ,,6.80 ,0.486 ,,6.27 ,5.91 
,8.10 ,,7.29 ,0.483 ,,6.80 ,5.99 
13.29 ,8.17 ,6.96 ,6.51 ,0.497 ,0.77 ,5.73 ,5.50 
,8.46 ,,7.31 ,0.491 ,,5.83 ,5.57 
,8.28 ,,6.95 ,0.490 ,,6.02 ,5.71 
,7.96 ,,6.52 ,0.484 ,,5.85 ,5.42 
,8.49 ,,6.45 ,0.485 ,,6.41 ,6.16 
,8.46 ,,6.59 ,0.486 ,,5.88 ,5.57 
13.78 ,8.18 ,7.21 ,6.93 ,0.479 ,0.75 ,6.19 ,6.06 
,8.18 ,,6.97 ,0.491 ,,5.93 ,5.77 
,8.09 ,,6.45 ,0.485 ,,5.94 ,5.64 
,8.25 ,,6.98 ,0.479 ,,6.14 ,5.96 
,8.07 ,,6.42 ,0.478 ,,6.25 ,5.90 
13.55 ,8.34 ,7.32 ,6.47 ,0.479 ,1.09 ,6.16 ,5.67 
,8.28 ,,7.01 ,0.486 ,,5.99 ,5.75 
,8.34 ,,6.50 ,0.485 ,,5.72 ,5.47 
,8.16 ,,6.23 ,0.481 ,,5.64 ,5.49 
,8.10 ,,6.76 ,0.485 ,,5.97 ,5.65 
,8.04 ,,6.83 ,0.483 ,,5.54 ,5.27 
,8.19 ,,6.29 ,0.473 ,,5.84 ,5.58 
13.02 ,8.09 ,7.16 ,6.59 ,0.485 ,0.87 ,5.53 ,5.33 
,8.37 ,,6.98 ,0.486 ,,5.74 ,5.68 
,8.37 ,,6.45 ,0.481 ,,5.63 ,5.52 
,8.21 ,,7.20 ,0.485 ,,5.42 ,5.32 
,8.37 ,,6.53 ,0.489 ,,5.96 ,5.83 
13.89 ,8.36 ,7.29 ,6.94 ,0.491 ,1.02 ,6.04 ,5.88 
,8.53 ,,6.68 ,0.492 ,,6.40 ,5.87 
,8.49 ,,6.89 ,0.494 ,,6.32 ,6.12 
,8.42 ,,7.00 ,0.490 ,,5.97 ,5.83 
,8.49 ,,7.43 ,0.488 ,,5.83 ,5.54 
13.60 ,8.71 ,7.28 ,7.16 ,0.486 ,0.75 ,6.16 ,5.78 
,8.46 ,,6.62 ,0.484 ,,6.22 ,6.06 
,8.25 ,,7.26 ,0.482 ,,6.01 ,5.84 
,8.45 ,,6.85 ,0.492 ,,5.91 ,5.74 
,8.52 ,,6.54 ,0.495 ,,5.88 ,5.72 
,8.30 ,,6.68 ,0.496 ,,5.97 ,5.71 
13.96 ,8.37 ,7.57 ,6.52 ,0.498 ,0.97 ,5.57 ,5.23 
,8.20 ,,6.69 ,0.483 ,,5.61 ,5.37 
,8.32 ,,6.79 ,0.487 ,,5.78 ,5.54 
,8.26 ,,6.19 ,0.486 ,,5.81 ,5.57 
,8.35 ,,6.03 ,0.492 ,,5.88 ,5.78 
13.95 ,8.24 ,7.42 ,6.53 ,0.489 ,0.87 ,6.03 ,5.63 
,8.67 ,,6.63 ,0.489 ,,6.25 ,5.73 
,8.49 ,,6.90 ,0.486 ,,6.14 ,6.02 
,8.42 ,,6.74 ,0.491 ,,5.71 ,5.38 
,8.04 ,,7.08 ,0.487 ,,5.79 ,5.36 
,8.59 ,,6.46 ,0.493 ,,6.40 ,6.06 
13.85 ,8.49 ,7.66 ,7.23 ,0.489 ,0.99 ,6.36 ,6.06 
,8.36 ,,6.47 ,0.483 ,,5.84 ,5.65 
,8.38 ,,6.56 ,0.483 ,,5.98 ,5.94 
,8.32 ,,6.90 ,0.487 ,,6.10 ,5.76 
,8.55 ,,7.17 ,0.483 ,,6.28 ,5.79 
,8.36 ,,6.84 ,0.480 ,,5.94 ,5.82 
13.60 ,8.62 ,7.58 ,6.85 ,0.487 ,1.08 ,6.02 ,5.90 
,8.25 ,,6.75 ,0.483 ,,5.87 ,5.66 
,8.14 ,,7.02 ,0.483 ,,5.56 ,5.34 
,8.31 ,,6.65 ,0.481 ,,6.37 ,6.03 
,8.37 ,,6.51 ,0.487 ,,6.28 ,5.99 
13.55 ,8.55 ,7.40 ,7.22 ,0.490 ,0.89 ,6.19 ,5.98 
,8.46 ,,7.38 ,0.492 ,,6.49 ,6.25 
,8.51 ,,6.87 ,0.484 ,,5.90 ,5.77 
,8.32 ,,6.79 ,0.490 ,,6.09 ,5.73 
,8.44 ,,6.44 ,0.489 ,,6.28 ,6.06 
13.60 ,8.69 ,7.71 ,6.51 ,0.490 ,0.94 ,5.99 ,5.82 
,8.28 ,,7.01 ,0.492 ,,6.29 ,6.01 
,8.30 ,,6.50 ,0.485 ,,6.28 ,6.16 
,8.51 ,,6.82 ,0.485 ,,6.54 ,6.35 
,8.54 ,,6.28 ,0.489 ,,6.26 ,5.86 
,8.42 ,,7.45 ,0.486 ,,6.12 ,5.94 
13.88 ,8.51 ,7.64 ,7.12 ,0.486 ,0.98 ,6.28 ,6.05 
,8.32 ,,6.89 ,0.490 ,,6.07 ,5.87 
,8.51 ,,6.33 ,0.491 ,,6.53 ,6.40 
,8.19 ,,6.73 ,0.483 ,,6.43 ,6.25 
,8.34 ,,6.78 ,0.499 ,,5.83 ,5.38 
,8.42 ,,6.21 ,0.493 ,,5.74 ,5.55 
13.60 ,8.53 ,7.34 ,6.19 ,0.483 ,0.79 ,5.67 ,5.49 
,7.92 ,,6.39 ,0.482 ,,5.44 ,5.31 
,8.25 ,,6.88 ,0.489 ,,5.64 ,5.34 
,8.19 ,,6.60 ,0.494 ,,5.91 ,5.61 
,8.39 ,,7.27 ,0.490 ,,6.16 ,5.96 
13.71 ,8.49 ,7.27 ,6.68 ,0.487 ,0.86 ,6.09 ,5.77 
,8.38 ,,6.47 ,0.490 ,,6.19 ,5.86 
,8.67 ,,6.25 ,0.493 ,,6.22 ,5.89 
,8.54 ,,6.25 ,0.487 ,,6.00 ,5.77 
,8.42 ,,6.43 ,0.496 ,,5.85 ,5.54 
,8.45 ,,6.18 ,0.488 ,,5.69 ,5.47 
14.25 ,8.33 ,7.67 ,6.39 ,0.486 ,1.21 ,6.43 ,6.24 
,8.18 ,,5.92 ,0.493 ,,5.57 ,5.38 
,8.09 ,,6.21 ,0.487 ,,5.94 ,5.63 
,7.94 ,,6.50 ,0.489 ,,6.25 ,5.82 
,8.51 ,,6.60 ,0.494 ,,6.19 ,5.95 
,8.62 ,,7.36 ,0.495 ,,5.63 ,5.38 
,8.25 ,,7.04 ,0.490 ,,6.16 ,5.98 
13.93 ,8.53 ,7.48 ,6.72 ,0.487 ,0.84 ,5.90 ,5.76 
,8.56 ,,6.71 ,0.489 ,,6.17 ,5.94 
,8.51 ,,6.66 ,0.486 ,,6.35 ,5.97 
,8.45 ,,6.68 ,0.489 ,,6.27 ,6.05 
,8.26 ,,7.19 ,0.490 ,,6.08 ,5.95 
,8.27 ,,7.02 ,0.497 ,,6.10 ,5.85 
13.73 ,8.40 ,7.40 ,7.26 ,0.494 ,1.18 ,5.75 ,5.66 
,8.61 ,,6.77 ,0.491 ,,5.97 ,5.51 
,8.13 ,,6.33 ,0.484 ,,5.87 ,5.72 
,8.33 ,,7.17 ,0.487 ,,5.86 ,5.46 
,8.61 ,,6.83 ,0.485 ,,6.02 ,5.95 
,8.27 ,,6.90 ,0.487 ,,5.97 ,5.62 
13.86 ,8.29 ,8.20 ,7.12 ,0.486 ,0.84 ,6.16 ,5.59 
,8.23 ,,6.97 ,0.486 ,,5.56 ,5.20 
,8.31 ,,6.52 ,0.494 ,,5.94 ,5.60 
,8.46 ,,6.46 ,0.491 ,,5.81 ,5.59 
,8.38 ,,6.48 ,0.480 ,,5.76 ,5.54 
,8.39 ,,6.36 ,0.482 ,,6.05 ,5.48 
13.41 ,8.30 ,7.18 ,6.37 ,0.489 ,1.16 ,5.88 ,5.65 
,8.13 ,,6.30 ,0.485 ,,5.70 ,5.39 
,8.39 ,,6.57 ,0.493 ,,5.67 ,5.24 
,8.17 ,,6.70 ,0.490 ,,5.98 ,5.82 
,8.32 ,,6.97 ,0.490 ,,5.96 ,5.63 
13.48 ,8.35 ,7.28 ,6.39 ,0.492 ,1.13 ,6.20 ,6.03 
,8.34 ,,6.75 ,0.494 ,,5.52 ,5.47 
,8.25 ,,6.66 ,0.485 ,,6.02 ,5.81 
,8.22 ,,6.46 ,0.487 ,,6.01 ,5.80 
,8.11 ,,6.94 ,0.490 ,,6.05 ,8.78 
,8.10 ,,6.64 ,0.469 ,,6.14 ,5.98 
,8.16 ,,6.63 ,0.486 ,,6.27 ,6.08 
13.35 ,8.52 ,7.56 ,6.59 ,0.488 ,0.95 ,6.14 ,5.86 
,8.03 ,,6.62 ,0.482 ,,6.10 ,5.92 
,7.90 ,,6.31 ,0.476 ,,6.07 ,5.73 
,8.10 ,,6.67 ,0.489 ,,6.02 ,5.78 
,8.27 ,,6.51 ,0.479 ,,5.87 ,5.53 
,8.43 ,,6.78 ,0.476 ,,6.06 ,5.80 
13.39 ,8.24 ,8.26 ,6.79 ,0.473 ,0.50 ,6.16 ,5.80 
,7.89 ,,7.09 ,0.476 ,,6.09 ,5.95 
,8.22 ,,7.47 ,0.481 ,,6.38 ,6.04 
13.94 ,8.24 ,7.61 ,6.85 ,0.481 ,1.04 ,6.27 ,6.12 
,8.11 ,,7.03 ,0.487 ,,6.23 ,5.89 
,8.13 ,,6.39 ,0.490 ,,6.09 ,5.90 
,8.10 ,,7.05 ,0.488 ,,5.43 ,5.23 
,7.84 ,,6.21 ,0.477 ,,6.11 ,5.90 
,8.05 ,,6.24 ,0.486 ,,6.15 ,5.79 
,8.36 ,,6.38 ,0.490 ,,6.30 ,5.74 
13.40 ,8.39 ,7.57 ,6.41 ,0.492 ,1.18 ,6.13 ,5.98 
,7.95 ,,6.63 ,0.489 ,,6.01 ,5.86 
,8.14 ,,6.10 ,0.483 ,,5.88 ,5.57 
,7.93 ,,6.61 ,0.489 ,,5.64 ,5.02 
,8.00 ,,6.24 ,0.486 ,,6.08 ,5.88 
13.49 ,8.42 ,7.40 ,6.74 ,0.488 ,0.79 ,6.46 ,6.26 
,8.14 ,,6.21 ,0.488 ,,6.14 ,5.89 
,8.37 ,,7.03 ,0.489 ,,5.86 ,5.66 
,8.53 ,,6.96 ,0.488 ,,5.68 ,5.51 
,8.16 ,,6.84 ,0.491 ,,6.09 ,5.71 
,8.18 ,,6.49 ,0.482 ,,6.37 ,5.87 
,8.31 ,,6.69 ,0.491 ,,6.32 ,5.93 
12.92 ,8.33 ,7.85 ,6.21 ,0.482 ,0.81 ,6.48 ,6.17 
,8.32 ,,7.23 ,0.485 ,,6.11 ,5.90 
,7.91 ,,7.12 ,0.490 ,,5.69 ,5.38 
,8.08 ,,6.89 ,0.484 ,,5.98 ,5.63 
,7.90 ,,7.12 ,0.483 ,,6.03 ,5.71 
12.89 ,7.99 ,7.20 ,7.18 ,0.488 ,0.76 ,6.01 ,5.71 
,8.03 ,,6.64 ,0.484 ,,5.98 ,5.91 
,8.01 ,,6.87 ,0.496 ,,6.01 ,5.85 
,8.16 ,,7.05 ,0.486 ,,5.87 ,5.56 
,7.80 ,,6.61 ,0.489 ,,6.11 ,5.96 
13.57 ,8.01 ,7.58 ,6.77 ,0.490 ,1.06 ,6.15 ,5.93 
,8.06 ,,6.96 ,0.490 ,,5.96 ,5.65 
,8.28 ,,6.72 ,0.488 ,,6.08 ,5.79 
,8.43 ,,6.74 ,0.484 ,,6.16 ,5.99 
,8.22 ,,6.35 ,0.488 ,,5.92 ,5.49 
13.93 ,8.49 ,7.49 ,6.26 ,0.485 ,1.20 ,6.04 ,5.91 
,7.84 ,,6.65 ,0.487 ,,6.07 ,5.82 
,8.02 ,,6.81 ,0.487 ,,6.05 ,5.84 
,8.20 ,,6.79 ,0.493 ,,6.05 ,5.62 
,8.42 ,,6.98 ,0.491 ,,5.92 ,5.65 
,8.39 ,,6.74 ,0.484 ,,6.22 ,6.05 
13.75 ,7.98 ,7.21 ,6.73 ,0.484 ,0.94 ,6.08 ,5.54 
,7.85 ,,6.85 ,0.477 ,,6.10 ,5.77 
,7.93 ,,6.37 ,0.486 ,,6.11 ,5.83 
,7.98 ,,7.15 ,0.493 ,,5.77 ,5.56 
,7.98 ,,6.97 ,0.483 ,,6.09 ,5.86 
,8.05 ,,6.73 ,0.479 ,,6.05 ,5.81 
,8.09 ,,6.78 ,0.483 ,,6.11 ,5.93 
13.83 ,8.32 ,7.88 ,6.54 ,0.492 ,0.95 ,5.58 ,5.28 
,8.02 ,,6.84 ,0.485 ,,6.25 ,5.82 
,7.98 ,,7.46 ,0.483 ,,5.81 ,5.58 
,8.22 ,,6.94 ,0.487 ,,5.89 ,5.52 
,8.04 ,,6.48 ,0.493 ,,5.92 ,5.52 
,8.03 ,,6.59 ,0.486 ,,6.21 ,6.02 
13.31 ,8.00 ,7.66 ,6.59 ,0.488 ,1.00 ,6.11 ,5.99 
,8.10 ,,6.82 ,0.490 ,,5.50 ,5.21 
,8.07 ,,7.06 ,0.489 ,,6.14 ,5.82 
,8.18 ,,6.56 ,0.491 ,,5.91 ,5.73 
,8.16 ,,6.72 ,0.488 ,,6.14 ,6.04 
13.17 ,8.08 ,7.14 ,6.76 ,0.490 ,0.74 ,5.58 ,5.34 
,8.17 ,,6.70 ,0.473 ,,5.77 ,5.34 
,8.26 ,,6.93 ,0.486 ,,5.68 ,5.48 
,7.96 ,,6.98 ,0.489 ,,5.47 ,5.29 
,8.05 ,,6.90 ,0.491 ,,6.19 ,5.63 
,8.18 ,,6.32 ,0.483 ,,6.28 ,6.12 
13.94 ,8.37 ,7.83 ,6.17 ,0.486 ,0.80 ,6.32 ,6.17 
,8.13 ,,7.00 ,0.486 ,,6.20 ,6.01 
,8.03 ,,6.70 ,0.490 ,,5.53 ,5.35 
,8.23 ,,6.32 ,0.487 ,,5.85 ,5.39 
,7.99 ,,6.33 ,0.483 ,,6.00 ,5.85 
,8.11 ,,7.24 ,0.485 ,,5.94 ,5.46 
13.94 ,7.89 ,7.35 ,6.76 ,0.482 ,1.35 ,5.84 ,5.52 
,7.84 ,,5.93 ,0.489 ,,5.21 ,4.95 
,7.94 ,,6.32 ,0.485 ,,5.79 ,5.64 
,7.59 ,,6.03 ,0.482 ,,5.40 ,5.30 
,8.09 ,,6.26 ,0.492 ,,6.02 ,5.93 
,8.20 ,,6.39 ,0.488 ,,5.65 ,5.32 
13.44 ,7.91 ,7.28 ,6.46 ,0.485 ,0.87 ,5.42 ,5.18 
,7.99 ,,6.71 ,0.485 ,,5.72 ,5.45 
,8.05 ,,6.50 ,0.488 ,,5.62 ,5.30 
,7.83 ,,6.46 ,0.496 ,,5.78 ,5.52 
,7.96 ,,6.43 ,0.484 ,,5.38 ,5.12 
13.04 ,8.14 ,7.64 ,6.68 ,0.491 ,0.77 ,5.60 ,5.23 
,8.09 ,,6.71 ,0.492 ,,5.85 ,5.66 
,8.10 ,,7.09 ,0.486 ,,6.00 ,5.47 
,8.00 ,,6.35 ,0.481 ,,6.17 ,5.49 
,8.44 ,,6.45 ,0.491 ,,5.94 ,5.71 
13.68 ,8.12 ,7.57 ,7.18 ,0.488 ,0.86 ,5.85 ,5.59 
,8.11 ,,6.75 ,0.497 ,,5.83 ,5.67 
,7.92 ,,6.25 ,0.486 ,,6.02 ,5.91 
,8.00 ,,6.68 ,0.489 ,,6.00 ,5.47 
13.91 ,8.17 ,7.40 ,6.03 ,0.484 ,1.08 ,5.88 ,5.66 
,8.08 ,,6.86 ,0.488 ,,6.17 ,5.49 
,7.96 ,,6.25 ,0.490 ,,6.00 ,5.77 
,8.16 ,,6.80 ,0.481 ,,5.49 ,4.74 
,7.77 ,,6.80 ,0.487 ,,5.85 ,5.66 
,8.22 ,,6.33 ,0.486 ,,5.73 ,5.50 
,8.28 ,,6.39 ,0.486 ,,5.87 ,5.66 
14.16 ,7.95 ,7.78 ,6.53 ,0.485 ,0.89 ,5.83 ,5.67 
,8.07 ,,6.69 ,0.488 ,,6.02 ,5.91 
,8.11 ,,6.72 ,0.484 ,,6.15 ,5.92 
,8.07 ,,6.51 ,0.488 ,,6.10 ,5.86 
,8.13 ,,6.47 ,0.493 ,,6.04 ,5.90 
,8.24 ,,6.69 ,0.479 ,,5.98 ,5.69 
,8.14 ,,6.36 ,0.488 ,,6.29 ,5.98 
13.77 ,8.08 ,7.23 ,7.36 ,0.488 ,1.09 ,6.10 ,5.76 
,8.19 ,,6.93 ,0.489 ,,6.31 ,6.06 
,7.90 ,,7.11 ,0.489 ,,5.26 ,5.01 
,7.94 ,,7.22 ,0.489 ,,6.68 ,6.45 
,7.97 ,,6.98 ,0.489 ,,6.26 ,6.04 
,7.95 ,,6.16 ,0.487 ,,5.42 ,4.53 
14.23 ,8.12 ,7.59 ,6.77 ,0.492 ,1.33 ,6.35 ,6.22 
,8.01 ,,6.99 ,0.491 ,,5.80 ,5.62 
,8.24 ,,7.21 ,0.492 ,,5.79 ,5.29 
,8.66 ,,5.95 ,0.488 ,,5.98 ,5.61 
,8.39 ,,6.50 ,0.492 ,,5.86 ,5.58 
,8.56 ,,6.43 ,0.496 ,,5.69 ,5.43 
,8.54 ,,6.72 ,0.492 ,,6.24 ,5.98 
13.74 ,8.10 ,7.12 ,6.81 ,0.488 ,1.54 ,5.95 ,5.63 
,8.18 ,,6.67 ,0.491 ,,6.01 ,5.79 
,8.42 ,,6.26 ,0.485 ,,5.45 ,5.22 
,8.38 ,,6.89 ,0.485 ,,6.01 ,5.74 
,8.28 ,,6.79 ,0.481 ,,3.67 ,3.20 
,8.44 ,,6.25 ,0.492 ,,6.03 ,5.80 
,8.51 ,,6.18 ,0.486 ,,6.07 ,5.91 
13.83 ,8.07 ,7.22 ,7.05 ,0.484 ,1.26 ,6.41 ,6.30 
,8.54 ,,6.80 ,0.496 ,,6.27 ,6.13 
,8.14 ,,6.66 ,0.482 ,,6.40 ,6.26 
,7.92 ,,6.48 ,0.486 ,,5.72 ,5.54 
,8.21 ,,6.54 ,0.486 ,,5.91 ,5.64 
,8.17 ,,7.01 ,0.481 ,,5.83 ,5.73 
,8.14 ,,6.44 ,0.481 ,,5.86 ,5.52 
13.79 ,8.08 ,7.15 ,7.04 ,0.480 ,2.16 ,5.52 ,5.21 
,7.74 ,,6.64 ,0.486 ,,5.68 ,5.26 
,8.04 ,,6.75 ,0.492 ,,5.81 ,5.72 
,8.13 ,,6.64 ,0.485 ,,5.57 ,5.25 
,7.94 ,,6.93 ,0.485 ,,5.98 ,5.45 
13.57 ,8.09 ,7.30 ,6.23 ,0.487 ,1.96 ,5.53 ,5.36 
,8.01 ,,6.17 ,0.489 ,,5.64 ,5.10 
,8.13 ,,6.66 ,0.478 ,,5.51 ,5.19 
,7.94 ,,5.97 ,0.484 ,,5.72 ,5.59 
13.17 ,7.80 ,7.29 ,5.98 ,0.482 ,1.80 ,5.45 ,5.24 
,8.36 ,,7.08 ,0.483 ,,5.79 ,5.57 
,7.93 ,,6.65 ,0.488 ,,6.03 ,5.78 
,8.22 ,,5.96 ,0.483 ,,5.92 ,5.60 
,8.39 ,,6.34 ,0.482 ,,5.92 ,5.60 
13.67 ,8.33 ,7.15 ,6.80 ,0.479 ,1.92 ,6.06 ,5.75 
,8.17 ,,6.46 ,0.486 ,,5.45 ,4.85 
,8.34 ,,6.20 ,0.482 ,,5.94 ,5.71 
,8.25 ,,6.70 ,0.489 ,,5.85 ,5.59 
,8.11 ,,6.27 ,0.482 ,,5.76 ,5.31 
13.23 ,7.94 ,7.49 ,6.81 ,0.477 ,2.56 ,6.40 ,6.14 
,8.05 ,,7.01 ,0.481 ,,5.85 ,5.59 
,8.37 ,,6.68 ,0.482 ,,5.83 ,5.50 
,8.22 ,,6.90 ,0.481 ,,6.02 ,5.91 
,8.17 ,,6.42 ,0.483 ,,5.79 ,5.57 
,8.15 ,,6.49 ,0.484 ,,6.03 ,5.78 
,8.51 ,,6.45 ,0.483 ,,6.10 ,5.86 
13.55 ,8.07 ,7.17 ,6.70 ,0.485 ,1.46 ,6.04 ,5.90 
,8.20 ,,7.13 ,0.483 ,,5.75 ,5.46 
,8.27 ,,6.95 ,0.487 ,,5.94 ,5.58 
,7.93 ,,6.37 ,0.485 ,,5.98 ,5.81 
,7.88 ,,6.58 ,0.487 ,,6.03 ,5.70 
,7.87 ,,6.49 ,0.489 ,,5.96 ,5.86 
,8.01 ,,6.57 ,0.477 ,,5.89 ,5.42 
13.52 ,7.86 ,7.10 ,6.54 ,0.474 ,2.04 ,5.80 ,5.53 
,7.76 ,,6.97 ,0.472 ,,5.79 ,5.57 
,7.73 ,,7.00 ,0.481 ,,6.03 ,5.78 
,7.98 ,,6.60 ,0.482 ,,5.93 ,5.66 
,7.99 ,,6.87 ,0.487 ,,5.92 ,5.60 
,8.28 ,,6.92 ,0.485 ,,5.73 ,5.50 
13.91 ,8.83 ,7.08 ,6.38 ,0.486 ,1.61 ,5.84 ,5.73 
,8.43 ,,6.72 ,0.489 ,,5.67 ,5.33 
12.95 ,8.21 ,7.32 ,6.57 ,0.484 ,2.07 ,5.83 ,5.57 
,8.11 ,,6.84 ,0.481 ,,6.23 ,5.86 
,8.03 ,,6.81 ,0.492 ,,6.02 ,5.71 
,8.27 ,,6.77 ,0.489 ,,5.89 ,5.65 
,8.18 ,,6.24 ,0.495 ,,6.26 ,6.00 
13.54 ,8.41 ,7.49 ,7.18 ,0.494 ,1.81 ,5.81 ,5.32 
,8.45 ,,7.02 ,0.476 ,,5.92 ,5.80 
,8.33 ,,6.86 ,0.486 ,,5.86 ,5.63 
,8.39 ,,6.46 ,0.493 ,,6.10 ,5.72 
,8.19 ,,6.78 ,0.483 ,,6.15 ,5.97 
,7.96 ,,6.03 ,0.491 ,,6.03 ,5.81 
13.46 ,8.16 ,7.38 ,6.63 ,0.493 ,1.02 ,5.78 ,5.51 
,8.15 ,,7.15 ,0.488 ,,6.11 ,5.79 
,8.18 ,,7.11 ,0.492 ,,5.99 ,5.75 
,7.86 ,,5.96 ,0.499 ,,6.04 ,5.90 
,8.14 ,,6.57 ,0.485 ,,5.98 ,5.69 
,8.18 ,,6.69 ,0.496 ,,5.99 ,5.68 
13.35 ,8.13 ,7.42 ,6.88 ,0.493 ,0.99 ,5.90 ,5.65 
,8.01 ,,6.87 ,0.489 ,,5.93 ,5.66 
,7.83 ,,7.12 ,0.477 ,,6.25 ,5.98 
,8.03 ,,6.75 ,0.482 ,,5.81 ,5.73 
,7.91 ,,6.98 ,0.488 ,,5.79 ,5.34 
,8.28 ,,6.79 ,0.490 ,,5.77 ,5.25 
,8.02 ,,6.95 ,0.483 ,,6.02 ,5.67 
13.29 ,7.98 ,7.30 ,6.42 ,0.477 ,0.93 ,5.65 ,5.40 
,7.88 ,,6.37 ,0.474 ,,5.84 ,5.70 
,7.79 ,,6.60 ,0.483 ,,5.19 ,4.87 
,8.17 ,,6.58 ,0.489 ,,5.88 ,5.56 
,7.88 ,,6.49 ,0.481 ,,5.66 ,5.35 
,7.95 ,,6.31 ,0.489 ,,5.47 ,5.28 
13.41 ,8.08 ,7.32 ,6.98 ,0.482 ,0.97 ,5.75 ,5.43 
,8.43 ,,6.34 ,0.489 ,,5.55 ,5.28 
,8.28 ,,6.73 ,0.476 ,,5.83 ,5.13 
,8.25 ,,6.54 ,0.487 ,,5.85 ,5.64 
,8.03 ,,6.76 ,0.486 ,,5.68 ,5.06 
,8.28 ,,6.52 ,0.490 ,,6.14 ,5.97 
,8.32 ,,6.25 ,0.477 ,,5.94 ,5.68 
13.10 ,8.04 ,7.15 ,6.30 ,0.492 ,1.00 ,5.44 ,5.09 
,8.14 ,,7.20 ,0.489 ,,5.91 ,5.65 
,8.16 ,,6.81 ,0.479 ,,5.78 ,5.53 
,8.18 ,,7.00 ,0.488 ,,5.78 ,5.52 
,8.31 ,,6.98 ,0.489 ,,6.32 ,5.88 
13.35 ,8.21 ,7.24 ,6.84 ,0.492 ,0.80 ,5.88 ,5.82 
,8.21 ,,6.56 ,0.486 ,,5.39 ,5.21 
,7.96 ,,6.52 ,0.478 ,,5.69 ,5.22 
,7.79 ,,6.56 ,0.481 ,,5.79 ,5.52 
13.26 ,8.28 ,7.56 ,6.76 ,0.488 ,0.69 ,5.75 ,5.44 
,8.46 ,,6.72 ,0.486 ,,5.85 ,5.43 
,7.84 ,,6.80 ,0.488 ,,5.56 ,5.29 
,8.17 ,,7.18 ,0.487 ,,5.37 ,5.14 
,8.09 ,,6.11 ,0.483 ,,5.63 ,5.15 
13.21 ,8.11 ,7.25 ,6.38 ,0.491 ,1.09 ,5.58 ,5.32 
,8.19 ,,6.44 ,0.485 ,,5.55 ,5.15 
,8.19 ,,6.43 ,0.491 ,,5.73 ,5.33 
,8.25 ,,5.99 ,0.485 ,,5.70 ,5.50 
12.42 ,8.28 ,7.19 ,6.39 ,0.481 ,0.99 ,5.37 ,5.08 
,8.46 ,,6.36 ,0.491 ,,5.57 ,5.18 
,8.14 ,,6.35 ,0.494 ,,5.57 ,5.29 
,8.46 ,,6.60 ,0.490 ,,5.54 ,5.17 
,8.22 ,,6.80 ,0.484 ,,5.98 ,4.94 
13.63 ,8.29 ,7.34 ,6.27 ,0.484 ,0.92 ,5.64 ,5.29 
,8.03 ,,6.49 ,0.487 ,,5.84 ,5.65 
,8.43 ,,6.89 ,0.485 ,,5.45 ,5.19 
,8.05 ,,6.80 ,0.485 ,,5.64 ,5.50 
,8.03 ,,6.62 ,0.480 ,,5.68 ,5.37 
,7.96 ,,6.32 ,0.485 ,,5.61 ,5.32 
,7.87 ,,6.57 ,0.482 ,,5.63 ,5.43 
13.55 ,8.08 ,7.03 ,6.59 ,0.484 ,0.77 ,5.72 ,5.48 
,8.13 ,,6.77 ,0.493 ,,5.61 ,5.11 
,7.82 ,,6.34 ,0.492 ,,5.76 ,5.50 
,8.05 ,,6.17 ,0.488 ,,5.58 ,5.34 
,7.85 ,,6.44 ,0.492 ,,5.52 ,5.12 
,7.61 ,,6.38 ,0.481 ,,5.67 ,5.10 
,8.10 ,,6.64 ,0.494 ,,5.40 ,4.96 
,7.88 ,,6.79 ,0.483 ,,5.83 ,5.38 
13.35 ,7.94 ,7.59 ,6.60 ,0.480 ,0.80 ,6.08 ,5.89 
,7.90 ,,6.68 ,0.482 ,,5.96 ,5.75 
,7.85 ,,7.04 ,0.489 ,,6.00 ,5.81 
,8.29 ,,6.88 ,0.498 ,,6.14 ,5.87 
13.66 ,7.88 ,6.70 ,6.71 ,0.485 ,0.84 ,5.46 ,5.36 
,7.87 ,,6.67 ,0.474 ,,5.74 ,5.51 
,8.02 ,,6.35 ,0.481 ,,5.39 ,4.93 
,7.92 ,,6.54 ,0.492 ,,5.38 ,5.16 
,7.96 ,,6.85 ,0.481 ,,5.72 ,5.21 
,7.49 ,,6.69 ,0.479 ,,5.62 ,5.41 
12.96 ,7.97 ,7.24 ,5.89 ,0.491 ,0.87 ,5.50 ,5.40 
,7.79 ,,6.37 ,0.484 ,,5.69 ,5.21 
,8.03 ,,6.08 ,0.495 ,,5.92 ,5.48 
,7.91 ,,6.15 ,0.489 ,,6.16 ,5.96 
,8.01 ,,7.09 ,0.491 ,,6.22 ,6.00 
,7.81 ,,6.51 ,0.486 ,,6.50 ,6.10 
,8.08 ,,6.69 ,0.484 ,,5.58 ,5.52 
13.61 ,8.03 ,7.06 ,6.35 ,0.495 ,0.99 ,5.61 ,5.28 
,7.94 ,,6.78 ,0.488 ,,5.64 ,5.18 
,7.88 ,,6.79 ,0.485 ,,5.65 ,5.39 
,8.01 ,,6.55 ,0.493 ,,5.54 ,5.41 
,7.96 ,,6.89 ,0.481 ,,5.96 ,5.71 
,7.92 ,,6.97 ,0.484 ,,5.33 ,5.14 
,7.71 ,,7.10 ,0.479 ,,5.82 ,5.51 
12.77 ,7.91 ,7.00 ,7.07 ,0.493 ,0.87 ,5.98 ,5.83 
,7.97 ,,6.65 ,0.497 ,,6.12 ,5.83 
,8.03 ,,7.09 ,0.484 ,,6.16 ,5.99 
,7.91 ,,7.24 ,0.495 ,,6.22 ,5.91 
,8.01 ,,6.92 ,0.484 ,,6.27 ,5.97 
,7.93 ,,7.27 ,0.482 ,,5.57 ,5.53 
13.67 ,7.87 ,7.06 ,7.11 ,0.489 ,0.88 ,5.38 ,5.01 
,7.78 ,,6.91 ,0.496 ,,5.92 ,5.48 
,7.89 ,,6.65 ,0.489 ,,5.80 ,5.56 
,8.02 ,,6.42 ,0.487 ,,5.61 ,5.54 
,7.58 ,,6.67 ,0.490 ,,5.61 ,5.18 
,7.74 ,,6.60 ,0.482 ,,6.08 ,5.90 
13.54 ,8.19 ,7.56 ,6.56 ,0.499 ,1.07 ,5.74 ,5.57 
,8.08 ,,7.37 ,0.478 ,,5.99 ,5.84 
,7.79 ,,7.17 ,0.477 ,,5.98 ,5.49 
,8.01 ,,7.43 ,0.498 ,,5.60 ,5.48 
,8.04 ,,6.59 ,0.486 ,,5.85 ,5.35 
,7.81 ,,7.01 ,0.486 ,,6.38 ,6.15 
13.09 ,7.80 ,7.12 ,6.54 ,0.489 ,0.83 ,5.45 ,5.23 
,7.86 ,,6.73 ,0.489 ,,5.58 ,5.39 
,8.05 ,,6.75 ,0.482 ,,6.00 ,5.64 
,7.98 ,,6.46 ,0.478 ,,6.03 ,5.84 
,8.10 ,,6.63 ,0.483 ,,5.60 ,5.31 
,8.02 ,,6.96 ,0.487 ,,5.78 ,5.51 
13.26 ,8.33 ,7.66 ,6.76 ,0.498 ,0.92 ,5.96 ,5.82 
,8.52 ,,7.33 ,0.492 ,,5.91 ,5.66 
,8.42 ,,6.47 ,0.483 ,,5.99 ,5.20 
,8.43 ,,6.71 ,0.486 ,,6.12 ,5.96 
,8.08 ,,6.21 ,0.484 ,,5.80 ,5.55 
13.15 ,7.95 ,7.07 ,6.60 ,0.483 ,0.93 ,5.72 ,5.51 
,7.92 ,,6.16 ,0.475 ,,5.67 ,5.08 
,7.98 ,,6.41 ,0.476 ,,5.69 ,4.84 
,8.25 ,,5.57 ,0.483 ,,5.90 ,5.22 
,7.88 ,,6.54 ,0.497 ,,3.44 ,2.95 
,7.91 ,,6.48 ,0.480 ,,3.61 ,3.47 
12.68 ,7.60 ,6.86 ,6.69 ,0.488 ,0.81 ,3.77 ,3.59 
,7.83 ,,6.56 ,0.485 ,,3.70 ,3.33 
,7.98 ,,6.78 ,0.489 ,,4.23 ,4.08 
,8.18 ,,6.87 ,0.480 ,,4.52 ,4.27 
,7.80 ,,6.73 ,0.490 ,,3.05 ,2.99 
,8.10 ,,6.59 ,0.478 ,,2.76 ,2.53 
13.11 ,8.11 ,7.00 ,6.86 ,0.495 ,1.05 ,4.60 ,4.28 
,8.11 ,,6.75 ,0.478 ,,4.74 ,4.56 
,7.87 ,,6.50 ,0.483 ,,4.79 ,4.54 
,8.10 ,,7.06 ,0.482 ,,4.52 ,4.19 
12.90 ,8.10 ,7.05 ,6.89 ,0.487 ,0.93 ,5.35 ,5.20 
,7.92 ,,6.70 ,0.485 ,,5.36 ,5.17 
,7.92 ,,6.72 ,0.499 ,,5.79 ,5.43 
,8.46 ,,6.68 ,0.495 ,,5.50 ,5.28 
,8.42 ,,6.87 ,0.494 ,,6.00 ,5.74 
13.62 ,8.21 ,7.22 ,6.94 ,0.491 ,0.95 ,5.42 ,5.03 
,8.13 ,,6.83 ,0.496 ,,5.46 ,5.07 
,8.03 ,,6.63 ,0.493 ,,5.62 ,5.20 
,8.13 ,,6.77 ,0.493 ,,5.33 ,5.13 
,7.99 ,,6.70 ,0.492 ,,5.31 ,4.95 
13.37 ,8.38 ,7.15 ,6.77 ,0.476 ,0.95 ,4.40 ,3.94 
,8.44 ,,7.20 ,0.486 ,,5.52 ,5.27 
,8.32 ,,7.48 ,0.498 ,,5.50 ,5.23 
,7.87 ,,6.84 ,0.493 ,,5.60 ,5.46 
,8.36 ,,7.08 ,0.487 ,,5.61 ,5.24 
,8.35 ,,6.99 ,0.492 ,,5.68 ,5.07 
13.44 ,8.03 ,7.23 ,6.69 ,0.482 ,0.98 ,5.47 ,5.20 
,8.04 ,,7.06 ,0.483 ,,5.82 ,5.55 
,8.15 ,,7.03 ,0.479 ,,6.02 ,5.84 
,8.30 ,,6.52 ,0.485 ,,6.14 ,5.54 
12.88 ,8.42 ,7.75 ,6.82 ,0.484 ,0.99 ,6.17 ,5.98 
,8.36 ,,6.17 ,0.494 ,,6.12 ,5.94 
,8.35 ,,6.58 ,0.492 ,,5.76 ,5.52 
,8.14 ,,6.79 ,0.483 ,,5.64 ,5.59 
13.01 ,8.16 ,7.22 ,6.98 ,0.487 ,0.90 ,5.64 ,5.22 
,8.76 ,,7.32 ,0.494 ,,5.99 ,5.58 
,8.33 ,,6.74 ,0.479 ,,5.79 ,5.58 
,8.38 ,,7.04 ,0.489 ,,6.00 ,5.88 
,8.20 ,,6.90 ,0.482 ,,6.15 ,5.91 
13.88 ,8.34 ,7.21 ,6.89 ,0.495 ,1.01 ,5.88 ,5.35 
,8.25 ,,7.14 ,0.490 ,,5.84 ,5.67 
,8.14 ,,6.48 ,0.497 ,,5.86 ,5.62 
,8.00 ,,7.02 ,0.481 ,,5.95 ,5.87 
,8.37 ,,6.94 ,0.486 ,,5.78 ,5.44 
13.27 ,8.23 ,7.21 ,7.02 ,0.484 ,1.25 ,5.72 ,5.36 
,8.34 ,,6.88 ,0.487 ,,5.59 ,5.39 
,8.09 ,,7.09 ,0.485 ,,5.48 ,5.37 
,7.89 ,,7.06 ,0.487 ,,5.44 ,5.06 
,8.35 ,,7.23 ,0.477 ,,5.61 ,5.49 
13.70 ,8.40 ,7.45 ,7.19 ,0.492 ,1.17 ,5.81 ,5.61 
,7.95 ,,6.94 ,0.482 ,,5.63 ,5.31 
,8.36 ,,6.68 ,0.489 ,,5.99 ,5.84 
,8.29 ,,6.49 ,0.496 ,,5.61 ,5.44 
,8.26 ,,6.69 ,0.488 ,,5.45 ,5.20 
,8.00 ,,6.57 ,0.491 ,,5.65 ,5.54 
,8.18 ,,6.89 ,0.486 ,,5.86 ,5.78 
13.64 ,7.97 ,7.09 ,6.63 ,0.487 ,1.02 ,5.85 ,5.54 
,8.16 ,,7.00 ,0.483 ,,5.77 ,5.56 
,8.03 ,,6.55 ,0.494 ,,5.41 ,5.17 
,7.69 ,,6.45 ,0.481 ,,5.29 ,5.04 
,7.55 ,,6.79 ,0.487 ,,5.71 ,5.55 
,7.65 ,,6.66 ,0.490 ,,5.72 ,5.50 
13.48 ,7.82 ,7.40 ,6.51 ,0.484 ,0.70 ,5.75 ,5.43 
,7.90 ,,6.49 ,0.486 ,,5.57 ,5.15 
,7.93 ,,6.32 ,0.484 ,,5.95 ,5.63 
,7.85 ,,6.45 ,0.477 ,,5.77 ,5.60 
,8.21 ,,7.14 ,0.487 ,,5.59 ,5.64 
12.55 ,7.85 ,6.91 ,6.76 ,0.495 ,0.71 ,6.17 ,5.49 
,7.90 ,,7.15 ,0.485 ,,5.88 ,5.66 
,8.20 ,,6.99 ,0.493 ,,6.02 ,5.71 
,8.27 ,,6.82 ,0.489 ,,5.90 ,5.66 
13.43 ,8.37 ,7.31 ,6.82 ,0.496 ,0.81 ,6.00 ,5.47 
,8.03 ,,6.82 ,0.487 ,,5.99 ,5.69 
,8.09 ,,7.51 ,0.491 ,,5.96 ,5.71 
,8.18 ,,6.69 ,0.499 ,,6.05 ,5.86 
,8.08 ,,6.58 ,0.494 ,,5.92 ,5.79 
,8.15 ,,6.80 ,0.494 ,,5.59 ,5.29 
,8.26 ,,6.78 ,0.483 ,,5.94 ,5.72 
13.57 ,7.94 ,7.43 ,6.24 ,0.488 ,0.91 ,5.55 ,5.17 
,7.68 ,,6.42 ,0.484 ,,5.90 ,5.70 
,7.93 ,,6.94 ,0.482 ,,5.98 ,5.63 
,8.16 ,,6.66 ,0.485 ,,6.19 ,5.86 
,8.16 ,,6.97 ,0.490 ,,6.26 ,6.07 
12.98 ,7.64 ,7.65 ,6.00 ,0.493 ,1.01 ,5.53 ,5.25 
,7.78 ,,6.15 ,0.486 ,,5.26 ,4.94 
,7.72 ,,6.30 ,0.482 ,,5.69 ,5.51 
13.12 ,7.68 ,6.82 ,6.65 ,0.485 ,0.82 ,5.41 ,5.32 
,8.15 ,,7.52 ,0.483 ,,5.52 ,5.00 
,8.05 ,,7.29 ,0.485 ,,5.90 ,4.90 
,8.18 ,,7.38 ,0.492 ,,5.62 ,5.11 
,7.93 ,,7.26 ,0.482 ,,5.54 ,4.95 
,7.97 ,,7.25 ,0.493 ,,5.91 ,5.30 
,8.17 ,,7.21 ,0.487 ,,5.85 ,5.02 
13.06 ,7.90 ,7.05 ,7.14 ,0.487 ,0.85 ,5.48 ,4.97 
,8.24 ,,7.21 ,0.479 ,,5.70 ,5.37 
,8.28 ,,6.71 ,0.488 ,,5.50 ,5.28 
,8.11 ,,6.06 ,0.492 ,,6.28 ,6.02 
,8.14 ,,6.88 ,0.482 ,,5.69 ,5.47 
12.80 ,7.82 ,6.97 ,6.77 ,0.482 ,0.78 ,5.86 ,5.66 
,7.81 ,,7.24 ,0.484 ,,5.85 ,5.54 
,7.77 ,,6.51 ,0.488 ,,5.54 ,5.32 
,8.04 ,,6.76 ,0.484 ,,6.09 ,5.77 
,7.70 ,,6.71 ,0.482 ,,5.57 ,5.41 
,7.94 ,,6.67 ,0.493 ,,5.65 ,5.13 
,7.63 ,,6.15 ,0.489 ,,5.35 ,5.12 
13.86 ,8.02 ,6.95 ,6.61 ,0.478 ,0.93 ,6.19 ,6.00 
,7.85 ,,6.35 ,0.481 ,,5.87 ,5.71 
,8.00 ,,7.23 ,0.480 ,,6.22 ,5.81 
,7.96 ,,6.66 ,0.483 ,,6.03 ,5.72 
,7.89 ,,6.56 ,0.489 ,,5.93 ,5.66 
,7.86 ,,6.47 ,0.490 ,,6.01 ,5.61 
,7.96 ,,6.68 ,0.482 ,,5.77 ,5.32 
13.10 ,7.80 ,7.12 ,6.41 ,0.477 ,1.12 ,6.29 ,6.03 
,7.68 ,,6.76 ,0.480 ,,6.00 ,5.47 
,7.62 ,,6.57 ,0.480 ,,5.90 ,5.66 
,7.37 ,,6.43 ,0.478 ,,6.02 ,5.71 
,7.64 ,,6.07 ,0.480 ,,5.88 ,5.62 
,7.97 ,,5.68 ,0.480 ,,6.17 ,5.49 
,7.69 ,,6.11 ,0.474 ,,5.96 ,5.68 
13.29 ,7.75 ,6.94 ,6.82 ,0.488 ,0.94 ,6.15 ,5.81 
,8.13 ,,6.56 ,0.474 ,,5.93 ,5.69 
,8.10 ,,6.51 ,0.485 ,,5.79 ,5.50 
,8.03 ,,6.53 ,0.478 ,,6.21 ,5.94 
,7.76 ,,6.62 ,0.484 ,,5.61 ,5.40 
13.40 ,7.82 ,7.09 ,6.59 ,0.482 ,0.72 ,6.28 ,6.13 
,8.28 ,,7.09 ,0.484 ,,6.44 ,6.09 
,8.30 ,,6.61 ,0.482 ,,6.34 ,6.03 
,8.26 ,,6.54 ,0.486 ,,5.80 ,5.25 
,8.14 ,,6.56 ,0.483 ,,6.42 ,6.10 
13.69 ,8.27 ,6.86 ,6.36 ,0.486 ,0.91 ,6.35 ,6.12 
,8.24 ,,5.91 ,0.491 ,,5.99 ,5.73 
,7.56 ,,7.05 ,0.481 ,,5.58 ,5.31 
,7.90 ,,6.82 ,0.479 ,,6.20 ,5.73 
,8.11 ,,5.85 ,0.484 ,,5.86 ,5.66 
,7.95 ,,6.44 ,0.486 ,,6.24 ,6.09 
,8.13 ,,6.69 ,0.480 ,,6.63 ,6.40 
12.98 ,7.73 ,6.89 ,6.43 ,0.478 ,0.72 ,6.27 ,6.00 
,8.05 ,,6.42 ,0.480 ,,6.19 ,5.93 
,8.15 ,,6.56 ,0.489 ,,6.71 ,6.58 
,8.25 ,,6.49 ,0.487 ,,6.39 ,6.08 
,8.19 ,,7.16 ,0.499 ,,6.29 ,6.16 
,8.31 ,,7.80 ,0.489 ,,6.42 ,6.12 
13.61 ,8.26 ,7.79 ,7.55 ,0.493 ,1.19 ,5.82 ,5.39 
,8.46 ,,7.89 ,0.498 ,,6.61 ,6.31 
,8.60 ,,7.66 ,0.499 ,,6.63 ,6.35 
,8.22 ,,6.54 ,0.498 ,,5.96 ,5.70 
,8.28 ,,6.99 ,0.498 ,,6.63 ,6.50 
13.47 ,8.05 ,7.75 ,7.21 ,0.491 ,1.26 ,5.75 ,5.48 
,8.06 ,,6.84 ,0.492 ,,6.05 ,5.99 
,8.09 ,,6.54 ,0.482 ,,6.39 ,5.90 
,8.28 ,,6.75 ,0.489 ,,6.51 ,6.24 
,7.97 ,,6.70 ,0.486 ,,6.17 ,5.96 
13.12 ,8.05 ,7.22 ,7.11 ,0.479 ,0.88 ,6.18 ,6.01 
,8.02 ,,6.83 ,0.485 ,,6.25 ,5.82 
,8.08 ,,6.66 ,0.485 ,,5.99 ,5.67 
,8.24 ,,6.83 ,0.490 ,,6.31 ,6.08 
,7.97 ,,6.77 ,0.493 ,,6.30 ,6.11 
,8.18 ,,6.73 ,0.493 ,,6.00 ,5.66 
,8.10 ,,6.84 ,0.497 ,,6.09 ,5.82 
13.12 ,8.19 ,7.48 ,6.92 ,0.491 ,0.80 ,6.54 ,6.38 
,8.40 ,,6.95 ,0.493 ,,6.47 ,6.11 
13.58 ,7.85 ,7.24 ,6.93 ,0.493 ,1.15 ,6.19 ,6.03 
,7.89 ,,7.13 ,0.484 ,,6.39 ,6.21 
,8.32 ,,6.48 ,0.491 ,,6.49 ,6.24 
,7.78 ,,6.91 ,0.487 ,,6.18 ,6.03 
,8.02 ,,6.63 ,0.495 ,,6.26 ,6.19 
13.07 ,8.18 ,7.28 ,6.50 ,0.497 ,0.90 ,6.40 ,6.13 
,7.95 ,,6.84 ,0.498 ,,6.12 ,5.84 
,8.23 ,,6.90 ,0.485 ,,6.34 ,5.66 
,8.03 ,,6.36 ,0.492 ,,6.19 ,5.99 
,7.85 ,,6.94 ,0.493 ,,6.56 ,6.30 
,8.25 ,,6.94 ,0.489 ,,6.48 ,6.22 
13.45 ,7.97 ,7.58 ,6.68 ,0.481 ,0.84 ,6.16 ,5.95 
,8.28 ,,6.71 ,0.497 ,,6.02 ,5.89 
,8.20 ,,7.18 ,0.489 ,,6.39 ,6.20 
,8.17 ,,7.01 ,0.498 ,,6.28 ,6.11 
,8.18 ,,6.64 ,0.497 ,,5.77 ,5.30 
,8.11 ,,6.69 ,0.492 ,,6.40 ,6.15 
13.66 ,8.17 ,7.40 ,6.69 ,0.481 ,0.930 ,6.31 ,5.93 
,8.13 ,,7.29 ,0.485 ,,6.65 ,6.09 
,8.11 ,,6.39 ,0.490 ,,6.21 ,5.68 
,8.31 ,,6.71 ,0.484 ,,6.33 ,5.98 
,8.05 ,,7.00 ,0.487 ,,5.99 ,5.67 
,8.08 ,,7.16 ,0.485 ,,6.37 ,5.81 
13.44 ,8.25 ,7.28 ,6.80 ,0.483 ,0.750 ,6.06 ,5.85 
,8.07 ,,7.09 ,0.483 ,,6.33 ,5.98 
,7.83 ,,6.63 ,0.473 ,,6.53 ,6.24 
,7.86 ,,6.70 ,0.483 ,,6.19 ,6.02 
,7.90 ,,6.37 ,0.486 ,,6.48 ,6.27 
13.69 ,7.93 ,7.51 ,6.62 ,0.477 ,1.09 ,6.20 ,5.92 
,7.60 ,,6.66 ,0.486 ,,6.16 ,5.82 
,8.02 ,,6.40 ,0.479 ,,6.04 ,5.52 
,8.03 ,,6.96 ,0.479 ,,6.01 ,5.53 
,7.86 ,,7.63 ,0.492 ,,6.31 ,6.02 
,8.37 ,,7.26 ,0.496 ,,6.10 ,5.78 
13.39 ,8.10 ,7.64 ,7.38 ,0.496 ,0.84 ,6.86 ,6.55 
,8.20 ,,7.41 ,0.499 ,,6.56 ,6.20 
13.26 ,7.97 ,7.16 ,7.10 ,0.494 ,1.14 ,6.16 ,5.81 
,8.14 ,,7.18 ,0.488 ,,6.28 ,5.88 
,8.15 ,,7.27 ,0.494 ,,5.84 ,5.65 
,8.25 ,,7.20 ,0.498 ,,6.27 ,6.10 
,7.94 ,,7.76 ,0.481 ,,6.01 ,5.64 
,7.92 ,,7.41 ,0.491 ,,5.84 ,5.57 
14.08 ,8.13 ,7.49 ,7.23 ,0.491 ,0.90 ,6.26 ,6.04 
,8.62 ,,7.59 ,0.491 ,,6.65 ,6.23 
,8.42 ,,7.41 ,0.497 ,,6.50 ,6.31 
,8.57 ,,6.99 ,0.492 ,,5.85 ,5.21 
,7.94 ,,7.31 ,0.487 ,,6.22 ,5.63 
,8.42 ,,7.35 ,0.484 ,,6.44 ,6.26 
13.98 ,8.34 ,7.75 ,7.64 ,0.492 ,1.12 ,6.06 ,5.75 
,8.05 ,,6.43 ,0.485 ,,6.53 ,6.34 
,8.00 ,,7.08 ,0.484 ,,6.38 ,6.18 
,8.03 ,,7.08 ,0.490 ,,6.09 ,5.65 
,8.12 ,,7.11 ,0.487 ,,5.79 ,5.60 
,8.19 ,,6.98 ,0.487 ,,6.29 ,5.87 
,7.96 ,,6.85 ,0.494 ,,6.26 ,5.85 
13.84 ,8.40 ,7.48 ,6.72 ,0.492 ,1.30 ,6.13 ,5.75
,8.20 ,,6.92 ,0.488 ,,6.41 ,5.93
,8.07 ,,7.18 ,0.488 ,,6.11 ,5.7
,8.26 ,,6.89 ,0.488 ,,6.55 ,6.27
,7.95 ,,6.64 ,0.495 ,,5.93 ,5.48
,7.91 ,,7.07 ,0.482 ,,6.35 ,6.05
13.72 ,8.18 ,7.44 ,6.71 ,0.482 ,0.84 ,6.61 ,6.36
,7.94 ,,6.75 ,0.483 ,,5.86 ,5.51
,8.01 ,,6.92 ,0.494 ,,6.70 ,6.56
,8.10 ,,6.72 ,0.493 ,,6.50 ,6.13
,8.03 ,,6.94 ,0.493 ,,6.66 ,6.24
,8.31 ,,6.86 ,0.490 ,,6.69 ,6.32
,8.40 ,,6.95 ,0.496 ,,6.60 ,6.34
13.14 ,8.29 ,7.45 ,6.93 ,0.491 ,0.84 ,5.73 ,5.16
,8.03 ,,6.73 ,0.487 ,,6.28 ,6.08
,7.83 ,,6.53 ,0.484 ,,6.40 ,6
,8.38 ,,6.34 ,0.496 ,,6.17 ,6.05
,7.85 ,,6.89 ,0.484 ,,5.89 ,5.76
,8.05 ,,7.43 ,0.487 ,,6.16 ,5.9
13.87 ,8.16 ,7.49 ,7.18 ,0.489 ,1.02 ,5.97 ,5.54
,7.97 ,,7.29 ,0.484 ,,6.11 ,5.99
,7.89 ,,6.98 ,0.484 ,,6.15 ,6.06
,7.82 ,,6.96 ,0.486 ,,5.91 ,5.7
,7.81 ,,6.79 ,0.484 ,,5.71 ,5.48
,7.96 ,,7.07 ,0.491 ,,6.17 ,5.94
13.16 ,7.92 ,7.22 ,6.88 ,0.486 ,1.13 ,5.64 ,5.37
,7.89 ,,6.52 ,0.480 ,,6.04 ,5.62
,7.75 ,,6.86 ,0.490 ,,6.09 ,5.59
,8.09 ,,6.55 ,0.492 ,,5.89 ,5.58
,8.21 ,,7.51 ,0.491 ,,5.63 ,5.23
,8.20 ,,7.92 ,0.498 ,,6.06 ,5.8
13.72 ,8.00 ,7.70 ,7.38 ,0.488 ,1.04 ,5.70 ,5.21
,8.15 ,,7.55 ,0.492 ,,5.69 ,5.31
,8.06 ,,7.26 ,0.489 ,,6.38 ,5.97
,8.30 ,,7.09 ,0.479 ,,6.15 ,5.83
,8.22 ,,7.66 ,0.495 ,,5.77 ,5.59
,8.03 ,,6.72 ,0.481 ,,6.05 ,5.68
13.88 ,8.32 ,7.00 ,6.73 ,0.484 ,1.13 ,6.08 ,5.91
,8.09 ,,6.77 ,0.488 ,,5.86 ,5.63
,8.28 ,,6.94 ,0.482 ,,5.95 ,5.43
,8.15 ,,7.20 ,0.480 ,,5.98 ,5.7
,8.00 ,,6.50 ,0.477 ,,5.97 ,5.75
,8.01 ,,6.58 ,0.487 ,,5.67 ,5.49
13.60 ,8.07 ,7.46 ,6.91 ,0.484 ,1.02 ,5.84 ,5.57
,8.25 ,,6.68 ,0.488 ,,6.27 ,6.08
,7.78 ,,6.34 ,0.482 ,,6.19 ,5.84
,7.88 ,,6.92 ,0.481 ,,5.71 ,5.63
,7.92 ,,6.68 ,0.483 ,,6.24 ,5.9
13.07 ,7.83 ,7.33 ,7.56 ,0.476 ,0.81 ,5.74 ,5.32
,7.82 ,,6.69 ,0.485 ,,5.87 ,5.55
,7.95 ,,6.69 ,0.483 ,,6.01 ,5.68
,8.15 ,,6.73 ,0.481 ,,6.02 ,5.7
,8.00 ,,7.06 ,0.491 ,,6.26 ,6
,7.95 ,,7.06 ,0.494 ,,6.26 ,6.08
13.44 ,7.83 ,7.61 ,7.21 ,0.479 ,0.91 ,6.05 ,5.89
,7.87 ,,6.88 ,0.476 ,,6.18 ,5.52
,8.14 ,,7.59 ,0.485 ,,5.90 ,5.53
,8.24 ,,7.03 ,0.476 ,,5.77 ,5.55
,8.04 ,,6.99 ,0.483 ,,5.92 ,5.85
,8.14 ,,7.27 ,0.491 ,,6.17 ,5.64
,7.97 ,,7.12 ,0.484 ,,6.02 ,5.76
12.68 ,7.55 ,7.10 ,6.85 ,0.475 ,0.74 ,5.40 ,4.99
,8.06 ,,6.84 ,0.482 ,,5.84 ,5.67
,7.71 ,,6.63 ,0.476 ,,5.39 ,5.1
,7.66 ,,6.76 ,0.458 ,,5.50 ,5.17
,8.24 ,,7.37 ,0.490 ,,5.88 ,5.6
,7.95 ,,6.95 ,0.480 ,,5.91 ,5.47
13.57 ,8.33 ,7.09 ,6.98 ,0.499 ,1.02 ,5.86 ,5.52
,7.99 ,,7.04 ,0.485 ,,6.39 ,6.2
,8.84 ,,6.75 ,0.499 ,,6.36 ,6.01
,8.53 ,,7.26 ,0.493 ,,6.21 ,5.86
,8.06 ,,6.74 ,0.484 ,,6.28 ,6
,8.17 ,,6.31 ,0.483 ,,6.30 ,6.16
,7.91 ,,6.92 ,0.480 ,,5.98 ,5.58
12.81 ,7.77 ,7.04 ,6.56 ,0.481 ,1.25 ,5.43 ,5.08
,8.00 ,,6.83 ,0.476 ,,5.99 ,5.7
,8.15 ,,7.45 ,0.477 ,,5.96 ,5.55
,7.88 ,,7.01 ,0.478 ,,6.39 ,6.03
,7.98 ,,6.99 ,0.481 ,,6.28 ,6.02
,7.99 ,,7.33 ,0.491 ,,6.17 ,5.92
,8.02 ,,6.68 ,0.473 ,,6.26 ,5.85
,8.24 ,,7.03 ,0.481 ,,6.36 ,6.03
13.57 ,8.35 ,7.41 ,7.07 ,0.486 ,0.77 ,5.97 ,5.73
,8.14 ,,7.13 ,0.490 ,,6.18 ,6.07
,8.48 ,,7.22 ,0.486 ,,6.18 ,6.04
,8.41 ,,7.15 ,0.492 ,,5.65 ,5.33
,7.96 ,,7.23 ,0.494 ,,5.80 ,5.55
13.08 ,7.98 ,7.55 ,6.96 ,0.479 ,1.02 ,5.64 ,5.4
,7.98 ,,6.93 ,0.485 ,,5.80 ,5.54
,8.04 ,,7.05 ,0.485 ,,5.63 ,5.42
,8.07 ,,6.97 ,0.493 ,,6.25 ,5.77
,8.34 ,,6.78 ,0.485 ,,5.97 ,5.6
,8.08 ,,6.89 ,0.486 ,,5.97 ,5.71
14.18 ,8.47 ,7.25 ,7.08 ,0.495 ,0.71 ,6.34 ,5.7
,8.05 ,,7.11 ,0.488 ,,6.33 ,5.75
,8.44 ,,7.44 ,0.484 ,,6.28 ,6.14
,8.13 ,,7.45 ,0.488 ,,6.11 ,5.25
,8.28 ,,7.57 ,0.495 ,,6.73 ,6.51
,8.16 ,,6.40 ,0.485 ,,6.10 ,5.71
,8.37 ,,7.31 ,0.487 ,,6.71 ,6.54
13.82 ,8.23 ,7.46 ,7.00 ,0.480 ,1.31 ,6.29 ,5.95
,7.99 ,,6.75 ,0.478 ,,6.09 ,5.73
,8.26 ,,7.07 ,0.482 ,,6.77 ,6.64
,8.01 ,,7.14 ,0.481 ,,6.75 ,6.49
,7.91 ,,7.22 ,0.493 ,,6.34 ,6.26
13.89 ,7.99 ,7.06 ,6.66 ,0.483 ,1.20 ,6.32 ,5.88
,8.01 ,,6.82 ,0.479 ,,6.34 ,5.77
,8.08 ,,7.05 ,0.479 ,,6.23 ,6.13
,8.47 ,,7.22 ,0.499 ,,6.75 ,6.52
,8.47 ,,7.54 ,0.494 ,,6.49 ,6.21
,8.41 ,,7.60 ,0.482 ,,6.51 ,6.28
13.86 ,8.23 ,7.85 ,7.34 ,0.483 ,1.28 ,6.83 ,6.67
,8.29 ,,7.58 ,0.493 ,,6.60 ,6.37
,8.22 ,,6.61 ,0.491 ,,6.37 ,6.09
,8.34 ,,7.23 ,0.496 ,,6.50 ,6.11
,8.36 ,,7.51 ,0.488 ,,6.43 ,6.31
,8.09 ,,6.59 ,0.469 ,,6.49 ,6.2
,8.03 ,,6.96 ,0.478 ,,6.67 ,6.57
,7.96 ,,6.91 ,0.480 ,,6.44 ,6.26
,8.31 ,,7.22 ,0.484 ,,6.48 ,6.25
12.97 ,8.08 ,7.34 ,6.79 ,0.496 ,1.08 ,6.53 ,6.06
,7.98 ,,6.85 ,0.495 ,,6.53 ,6.23
,7.97 ,,6.88 ,0.493 ,,6.28 ,6.08
,7.92 ,,7.24 ,0.497 ,,5.93 ,5.56
,7.84 ,,7.13 ,0.485 ,,6.13 ,5.75
,8.30 ,,6.75 ,0.488 ,,5.78 ,5.25
,8.20 ,,6.93 ,0.486 ,,6.06 ,5.79
13.27 ,8.00 ,6.81 ,6.85 ,0.482 ,0.84 ,5.64 ,5.23
,7.99 ,,6.85 ,0.483 ,,6.20 ,6.03
,7.86 ,,6.69 ,0.488 ,,5.91 ,5.64
,7.94 ,,6.99 ,0.480 ,,5.82 ,5.52
,7.98 ,,6.68 ,0.488 ,,6.12 ,5.55
,8.28 ,,6.59 ,0.490 ,,6.45 ,6.26
13.44 ,8.06 ,7.46 ,6.70 ,0.487 ,0.95 ,6.35 ,6.04
,7.95 ,,6.57 ,0.483 ,,6.44 ,6.12
,7.89 ,,6.65 ,0.483 ,,6.63 ,6.13
,8.14 ,,6.57 ,0.494 ,,6.40 ,6.25
,7.79 ,,6.80 ,0.484 ,,5.82 ,5.45
,7.96 ,,6.54 ,0.477 ,,6.37 ,6.15
13.32 ,8.21 ,7.26 ,6.74 ,0.493 ,1.08 ,6.64 ,6.27
,8.07 ,,7.02 ,0.487 ,,6.44 ,6.3
,8.33 ,,7.41 ,0.492 ,,6.27 ,6.13
,8.33 ,,7.12 ,0.490 ,,6.47 ,6.16
,8.06 ,,6.80 ,0.482 ,,6.54 ,6.29
,8.08 ,,6.86 ,0.486 ,,6.37 ,6.2
,8.02 ,,6.71 ,0.483 ,,6.69 ,6.19
12.54 ,8.06 ,7.33 ,7.34 ,0.479 ,0.73 ,6.43 ,6.22
,8.24 ,,7.36 ,0.489 ,,5.58 ,5.11
,8.28 ,,6.85 ,0.483 ,,6.30 ,6.07
,7.99 ,,7.29 ,0.493 ,,6.05 ,5.87
,8.31 ,,6.93 ,0.498 ,,5.77 ,5.49
,7.93 ,,7.07 ,0.487 ,,6.33 ,5.91
14.34 ,8.57 ,7.61 ,7.70 ,0.495 ,0.75 ,6.59 ,6.32
,8.42 ,,7.34 ,0.487 ,,6.49 ,6.22
,8.61 ,,7.26 ,0.499 ,,6.88 ,6.7
,8.16 ,,7.26 ,0.489 ,,7.01 ,6.8
13.34 ,8.38 ,7.76 ,7.01 ,0.482 ,0.85 ,6.53 ,6.16
,8.26 ,,6.49 ,0.485 ,,6.01 ,5.58
,8.46 ,,6.96 ,0.496 ,,6.30 ,6.18
,7.96 ,,6.66 ,0.481 ,,6.01 ,5.86
,8.07 ,,6.98 ,0.486 ,,5.62 ,5.28
,8.33 ,,7.47 ,0.483 ,,6.47 ,6.18
13.41 ,8.32 ,7.31 ,6.74 ,0.478 ,1.16 ,6.49 ,6.26
,8.14 ,,6.61 ,0.487 ,,6.70 ,6.22
,8.38 ,,6.28 ,0.490 ,,6.56 ,6.44
,8.26 ,,6.57 ,0.489 ,,6.39 ,6.13
,8.09 ,,6.97 ,0.486 ,,6.63 ,6.23
,8.48 ,,7.71 ,0.496 ,,6.31 ,6.15
13.46 ,8.22 ,7.43 ,6.71 ,0.476 ,1.13 ,6.19 ,6.02
,8.10 ,,6.76 ,0.479 ,,6.32 ,6.06
,8.36 ,,7.50 ,0.484 ,,6.24 ,6.04
,8.27 ,,6.27 ,0.475 ,,6.23 ,5.93
,8.01 ,,6.97 ,0.479 ,,5.65 ,5.1
,8.26 ,,7.70 ,0.484 ,,6.31 ,5.8
14.00 ,7.80 ,7.55 ,7.10 ,0.486 ,1.14 ,6.52 ,6.31
,8.17 ,,7.50 ,0.491 ,,6.22 ,5.88
,8.37 ,,7.62 ,0.481 ,,5.79 ,5.21
,8.26 ,,7.37 ,0.477 ,,6.55 ,6.11
,8.33 ,,7.34 ,0.479 ,,6.44 ,6.23
,7.87 ,,6.63 ,0.480 ,,6.44 ,6.29
,8.51 ,,6.84 ,0.485 ,,6.52 ,6.25
13.40 ,8.06 ,7.57 ,7.26 ,0.482 ,0.89 ,6.04 ,5.86
,8.48 ,,7.08 ,0.485 ,,6.49 ,6.33
,8.35 ,,7.24 ,0.489 ,,6.37 ,6.02
,8.43 ,,7.89 ,0.497 ,,6.38 ,5.96
,8.22 ,,7.09 ,0.484 ,,6.58 ,6.41
,8.27 ,,7.59 ,0.486 ,,6.80 ,6.66
,8.50 ,,7.18 ,0.493 ,,6.80 ,6.48
13.18 ,8.07 ,7.80 ,7.18 ,0.497 ,1.02 ,6.68 ,6.13
,7.91 ,,7.24 ,0.487 ,,6.19 ,5.91
,7.95 ,,6.55 ,0.490 ,,6.00 ,5.68
,8.29 ,,7.24 ,0.497 ,,5.99 ,5.64
,7.97 ,,7.36 ,0.482 ,,6.53 ,6.27
,7.84 ,,7.16 ,0.491 ,,6.56 ,6.3
,7.80 ,,7.03 ,0.480 ,,6.34 ,6.13
13.38 ,8.17 ,7.63 ,7.21 ,0.497 ,0.87 ,6.44 ,6.12
,7.90 ,,7.47 ,0.488 ,,6.43 ,6.15
,8.27 ,,6.95 ,0.487 ,,6.37 ,6.1
,8.09 ,,7.31 ,0.494 ,,6.00 ,5.57
,8.41 ,,6.87 ,0.487 ,,6.33 ,5.97
,7.80 ,,6.72 ,0.499 ,,5.86 ,5.15
,7.71 ,,6.87 ,0.493 ,,6.14 ,6.01
,7.99 ,,6.85 ,0.495 ,,6.38 ,6.22
13.16 ,7.85 ,7.00 ,6.90 ,0.485 ,1.08 ,5.22 ,4.88
,7.85 ,,6.34 ,0.480 ,,5.89 ,5.63
,7.98 ,,7.05 ,0.497 ,,5.84 ,5.55
,8.25 ,,6.62 ,0.484 ,,5.83 ,5.68
,8.02 ,,6.89 ,0.483 ,,5.90 ,5.71
,7.76 ,,7.12 ,0.486 ,,5.68 ,5.47
,8.27 ,,6.77 ,0.486 ,,6.28 ,6.02
13.54 ,8.21 ,7.35 ,7.03 ,0.496 ,0.80 ,5.74 ,5.47
,7.89 ,,7.22 ,0.477 ,,5.20 ,4.76
,7.82 ,,7.18 ,0.485 ,,5.39 ,5.06
,7.92 ,,6.80 ,0.488 ,,5.47 ,5.15
,7.81 ,,6.55 ,0.480 ,,5.77 ,5.61
,7.91 ,,7.24 ,0.485 ,,5.74 ,5.52
,7.79 ,,6.82 ,0.477 ,,5.79 ,5.63
13.13 ,8.23 ,7.43 ,6.96 ,0.488 ,1.51 ,5.55 ,5.08
,8.18 ,,7.44 ,0.478 ,,6.23 ,5.91
,7.95 ,,7.19 ,0.475 ,,6.07 ,5.92
,7.87 ,,7.34 ,0.471 ,,6.07 ,5.6
,8.11 ,,7.36 ,0.483 ,,6.08 ,5.88
,7.89 ,,7.73 ,0.487 ,,6.17 ,5.82
,8.00 ,,6.88 ,0.483 ,,5.68 ,4.91
,8.31 ,,7.32 ,0.490 ,,6.50 ,6.42
13.51 ,8.12 ,7.16 ,7.00 ,0.480 ,1.15 ,6.28 ,6.17
,8.29 ,,7.39 ,0.488 ,,6.00 ,5.55
,8.30 ,,7.50 ,0.486 ,,6.09 ,5.64
,8.02 ,,5.92 ,0.482 ,,6.23 ,5.92
,8.31 ,,6.62 ,0.479 ,,5.89 ,5.25
,8.08 ,,6.82 ,0.490 ,,6.33 ,6.16
13.54 ,8.13 ,7.35 ,6.59 ,0.483 ,1.08 ,6.02 ,5.75
,7.78 ,,7.32 ,0.484 ,,5.96 ,5.57
,8.03 ,,6.69 ,0.489 ,,6.01 ,5.76
,7.89 ,,6.53 ,0.496 ,,5.70 ,5.27
,7.89 ,,6.89 ,0.489 ,,6.04 ,5.86
,8.22 ,,6.69 ,0.489 ,,6.10 ,5.91
,8.06 ,,7.15 ,0.494 ,,6.44 ,6.31
12.73 ,8.10 ,7.38 ,7.24 ,0.486 ,0.87 ,5.71 ,5.34
,8.50 ,,6.70 ,0.492 ,,6.30 ,5.97
,8.11 ,,6.26 ,0.490 ,,6.29 ,5.79
,8.14 ,,6.95 ,0.486 ,,6.20 ,6.02
,8.23 ,,6.37 ,0.499 ,,6.26 ,5.96
,8.33 ,,6.80 ,0.492 ,,5.68 ,5.47
,8.19 ,,6.39 ,0.491 ,,6.23 ,5.65
13.17 ,8.38 ,7.22 ,6.90 ,0.490 ,0.81 ,5.71 ,5.08
,8.15 ,,6.80 ,0.489 ,,6.42 ,6.2
,8.25 ,,7.29 ,0.486 ,,6.13 ,5.96
,8.23 ,,7.26 ,0.492 ,,6.49 ,6.3
,8.22 ,,6.47 ,0.498 ,,6.39 ,6.15
,7.93 ,,7.24 ,0.491 ,,6.08 ,5.83
12.74 ,8.28 ,7.36 ,6.82 ,0.489 ,0.98 ,5.57 ,5
,7.69 ,,6.33 ,0.489 ,,5.12 ,4.68
,8.27 ,,7.16 ,0.483 ,,6.37 ,6.11
,7.96 ,,6.95 ,0.488 ,,5.98 ,5.77
,8.18 ,,6.76 ,0.493 ,,6.06 ,5.7
,8.38 ,,6.97 ,0.493 ,,5.81 ,5.52
13.86 ,8.22 ,6.96 ,7.00 ,0.493 ,1.08 ,6.06 ,5.59
,8.41 ,,6.97 ,0.490 ,,5.69 ,5.34
,8.62 ,,6.82 ,0.493 ,,6.34 ,5.77
,8.42 ,,6.90 ,0.481 ,,6.16 ,5.82
,8.05 ,,7.20 ,0.487 ,,5.37 ,5.12
,7.97 ,,6.93 ,0.489 ,,5.81 ,5.53
13.37 ,8.02 ,7.53 ,6.83 ,0.482 ,1.12 ,5.25 ,4.8
,8.27 ,,6.65 ,0.488 ,,5.35 ,4.75
,8.07 ,,6.95 ,0.492 ,,5.75 ,5.5
,8.03 ,,7.60 ,0.495 ,,5.89 ,5.49
,8.40 ,,7.60 ,0.492 ,,5.50 ,5.34
,7.57 ,,6.79 ,0.479 ,,5.67 ,5.34
13.42 ,7.91 ,7.46 ,6.65 ,0.478 ,1.25 ,6.05 ,5.61
,8.28 ,,7.12 ,0.480 ,,6.12 ,5.81
,8.30 ,,7.22 ,0.480 ,,6.20 ,5.89
,7.79 ,,7.06 ,0.486 ,,5.41 ,5.01
,8.17 ,,6.58 ,0.491 ,,5.62 ,5.18
13.04 ,7.99 ,7.32 ,6.76 ,0.486 ,1.14 ,6.31 ,6.1
,8.20 ,,7.22 ,0.486 ,,6.15 ,6.02
,8.38 ,,6.99 ,0.490 ,,6.18 ,5.97
,8.19 ,,7.20 ,0.497 ,,6.30 ,5.87
,8.19 ,,7.12 ,0.490 ,,5.82 ,5.51
,8.28 ,,7.58 ,0.496 ,,5.60 ,5.03
13.88 ,8.55 ,7.34 ,7.30 ,0.497 ,1.08 ,6.85 ,6.59
,8.31 ,,6.76 ,0.497 ,,6.40 ,6.18
,7.99 ,,7.32 ,0.486 ,,6.18 ,6.04
,8.25 ,,7.51 ,0.498 ,,6.37 ,6.12
,8.11 ,,7.25 ,0.489 ,,5.70 ,5.28
14.05 ,8.30 ,7.64 ,7.63 ,0.489 ,0.99 ,6.02 ,5.93
,8.06 ,,7.98 ,0.498 ,,5.89 ,5.66
,8.29 ,,7.58 ,0.499 ,,6.40 ,5.83
,8.64 ,,7.94 ,0.496 ,,6.24 ,5.95
,8.75 ,,8.00 ,0.499 ,,6.39 ,6.15
,8.09 ,,7.91 ,0.496 ,,6.02 ,5.78
,8.05 ,,6.65 ,0.490 ,,6.29 ,5.96
13.53 ,8.32 ,7.61 ,7.62 ,0.497 ,0.97 ,6.42 ,6.05
,8.60 ,,7.45 ,0.488 ,,6.32 ,6.19
,8.21 ,,7.35 ,0.485 ,,5.68 ,5.14
,8.32 ,,7.64 ,0.498 ,,6.43 ,5.8
,8.21 ,,7.42 ,0.491 ,,5.42 ,4.99
13.87 ,8.66 ,7.74 ,7.49 ,0.486 ,0.99 ,6.59 ,6.31
,8.21 ,,7.31 ,0.472 ,,6.44 ,6.13
,8.54 ,,7.06 ,0.491 ,,6.72 ,6.4
,8.28 ,,7.48 ,0.497 ,,6.64 ,6.44
,8.58 ,,7.55 ,0.498 ,,6.20 ,5.72
,8.20 ,,7.28 ,0.483 ,,6.52 ,6.32
,8.03 ,,7.53 ,0.496 ,,6.46 ,5.9
,8.15 ,,7.03 ,0.480 ,,6.52 ,6.35
12.81 ,7.88 ,7.55 ,6.83 ,0.487 ,1.10 ,6.28 ,6.06
,8.36 ,,7.03 ,0.496 ,,6.31 ,6.04
,7.69 ,,6.71 ,0.481 ,,6.15 ,5.73
,8.14 ,,7.45 ,0.497 ,,5.79 ,5.37
,8.14 ,,7.05 ,0.483 ,,6.35 ,6.09
,8.22 ,,7.59 ,0.487 ,,6.76 ,5.91
13.90 ,8.23 ,8.03 ,7.72 ,0.496 ,1.07 ,6.69 ,6.32
,7.84 ,,7.53 ,0.489 ,,6.10 ,5.9
,8.73 ,,7.14 ,0.495 ,,6.12 ,5.55
,8.48 ,,6.95 ,0.498 ,,6.03 ,5.78
,8.25 ,,7.40 ,0.492 ,,5.42 ,5.15
,8.51 ,,6.81 ,0.499 ,,6.41 ,6.24
