Melt gden,Temp,Press,Speed
,,,
8.136 ,261.1 ,1010 ,420 
8.130 ,261.1 ,1020 ,420 
8.366 ,261.1 ,1027 ,420 
7.729 ,261.1 ,1025 ,420 
7.982 ,261.1 ,1040 ,420 
8.317 ,261.2 ,1036 ,420 
7.743 ,261.1 ,1033 ,420 
8.060 ,260.4 ,1033 ,420 
7.726 ,260.0 ,1087 ,495 
7.766 ,259.9 ,1094 ,495 
7.879 ,259.9 ,1107 ,495 
7.582 ,259.9 ,1108 ,495 
7.635 ,260.0 ,1109 ,495 
8.287 ,260.4 ,1108 ,490 
7.898 ,260.9 ,1107 ,490 
8.625 ,260.9 ,1109 ,490 
8.462 ,260.9 ,1107 ,490 
7.843 ,260.9 ,1108 ,490 
7.727 ,261.0 ,1110 ,490 
8.014 ,261.0 ,1117 ,480 
7.932 ,261.0 ,1115 ,480 
8.477 ,261.0 ,1114 ,480 
7.979 ,261.0 ,1120 ,480 
7.857 ,261.0 ,1115 ,480 
8.060 ,261.0 ,1114 ,480 
7.722 ,261.0 ,1117 ,480 
7.736 ,261.0 ,1117 ,480 
7.740 ,261.0 ,1114 ,480 
8.006 ,261.0 ,1121 ,480 
8.254 ,260.9 ,1132 ,480 
8.070 ,260.6 ,1140 ,480 
8.477 ,260.8 ,1152 ,480 
7.682 ,260.5 ,1150 ,485 
7.686 ,260.9 ,1151 ,485 
7.899 ,260.9 ,1154 ,485 
8.048 ,260.9 ,1151 ,485 
8.298 ,260.9 ,1154 ,485 
7.934 ,260.9 ,1156 ,485 
8.907 ,260.8 ,1153 ,485 
7.946 ,261.0 ,1144 ,485 
7.694 ,261.0 ,1142 ,485 
7.607 ,261.0 ,1145 ,485 
7.979 ,261.0 ,1144 ,485 
7.982 ,261.0 ,1140 ,485 
7.751 ,261.0 ,1134 ,485 
7.708 ,261.0 ,1137 ,485 
7.580 ,261.0 ,1135 ,485 
7.925 ,261.0 ,1145 ,485 
7.721 ,261.1 ,1131 ,485 
7.992 ,261.1 ,1138 ,485 
8.000 ,260.9 ,1013 ,465 
8.017 ,260.7 ,1022 ,465 
7.863 ,260.8 ,1048 ,465 
7.908 ,260.8 ,1053 ,465 
7.862 ,260.9 ,1042 ,465 
7.910 ,261.0 ,1060 ,465 
7.842 ,260.9 ,1065 ,465 
7.981 ,261.0 ,1060 ,465 
7.681 ,261.0 ,1055 ,465 
7.768 ,260.6 ,1049 ,465 
7.905 ,260.8 ,1050 ,465 
7.687 ,260.9 ,1052 ,465 
7.882 ,260.8 ,1052 ,465 
8.030 ,260.8 ,1048 ,465 
8.185 ,260.9 ,1040 ,465 
7.967 ,261.0 ,1035 ,465 
8.091 ,261.0 ,1047 ,465 
7.929 ,261.0 ,1065 ,465 
7.823 ,261.1 ,1060 ,465 
7.735 ,261.1 ,1072 ,465 
7.760 ,261.0 ,1065 ,465 
7.975 ,261.0 ,1073 ,465 
7.946 ,261.0 ,1052 ,465 
7.511 ,261.0 ,1076 ,465 
7.878 ,261.0 ,1088 ,465 
7.610 ,261.0 ,1088 ,465 
7.628 ,261.0 ,1093 ,465 
7.942 ,261.0 ,1100 ,465 
7.957 ,260.8 ,1114 ,465 
7.701 ,260.5 ,1103 ,465 
8.264 ,261.1 ,1113 ,465 
7.997 ,261.0 ,1111 ,465 
8.336 ,260.9 ,1120 ,465 
7.860 ,261.1 ,1111 ,470 
7.736 ,260.8 ,1111 ,470 
7.930 ,260.8 ,1116 ,470 
7.972 ,260.9 ,1115 ,470 
7.863 ,261.0 ,1130 ,470 
7.785 ,260.8 ,1145 ,470 
7.943 ,260.8 ,1140 ,470 
7.641 ,261.0 ,1135 ,470 
7.807 ,261.0 ,1156 ,470 
7.887 ,261.0 ,1157 ,470 
7.635 ,261.2 ,1178 ,470 
7.776 ,261.2 ,1220 ,470 
7.723 ,260.8 ,1267 ,470 
7.723 ,261.0 ,1340 ,470 
7.806 ,260.9 ,1392 ,470 
7.700 ,261.0 ,1392 ,470 
7.787 ,260.3 ,836 ,440 
7.930 ,260.2 ,857 ,440 
8.569 ,260.4 ,888 ,440 
7.587 ,260.4 ,887 ,450 
7.911 ,260.5 ,893 ,450 
7.731 ,260.4 ,888 ,450 
7.724 ,260.5 ,882 ,450 
7.686 ,260.5 ,893 ,450 
7.774 ,260.5 ,942 ,450 
7.983 ,260.0 ,964 ,450 
8.242 ,260.5 ,967 ,455 
8.099 ,260.1 ,960 ,455 
7.728 ,260.0 ,967 ,455 
7.813 ,260.1 ,965 ,455 
8.198 ,260.0 ,967 ,460 
7.775 ,260.0 ,920 ,480 
8.129 ,260.2 ,925 ,470 
7.875 ,260.2 ,955 ,470 
7.738 ,260.2 ,954 ,470 
7.687 ,260.3 ,977 ,475 
7.553 ,260.2 ,1004 ,485 
7.731 ,260.1 ,1003 ,490 
7.532 ,260.0 ,1002 ,490 
7.936 ,260.1 ,998 ,490 
7.870 ,260.1 ,1000 ,490 
7.503 ,260.0 ,996 ,490 
7.716 ,260.0 ,1004 ,485 
7.789 ,260.0 ,992 ,485 
7.505 ,260.0 ,983 ,485 
7.676 ,260.0 ,1002 ,485 
7.774 ,260.2 ,956 ,480 
7.773 ,260.0 ,980 ,480 
7.758 ,260.2 ,988 ,480 
7.740 ,260.0 ,986 ,480 
7.795 ,260.1 ,993 ,480 
7.943 ,260.1 ,993 ,480 
7.713 ,260.0 ,996 ,480 
7.808 ,260.0 ,996 ,485 
7.685 ,260.1 ,992 ,485 
7.585 ,260.0 ,994 ,485 
7.726 ,260.1 ,999 ,485 
7.677 ,260.0 ,970 ,470 
8.208 ,260.1 ,999 ,470 
7.603 ,260.1 ,997 ,470 
8.144 ,260.0 ,1000 ,470 
7.860 ,260.0 ,1004 ,470 
7.722 ,260.0 ,1000 ,470 
7.769 ,260.2 ,1003 ,470 
7.939 ,260.0 ,1000 ,470 
7.949 ,260.0 ,996 ,470 
7.726 ,260.7 ,1002 ,470 
8.155 ,260.4 ,1007 ,470 
8.185 ,260.4 ,990 ,470 
7.773 ,260.4 ,1012 ,470 
8.060 ,260.4 ,1000 ,470 
8.052 ,260.4 ,994 ,470 
7.884 ,260.4 ,1005 ,470 
7.793 ,260.5 ,1000 ,470 
7.688 ,260.4 ,1010 ,470 
7.632 ,260.3 ,1016 ,470 
7.792 ,260.1 ,994 ,480 
7.533 ,260.8 ,982 ,480 
7.548 ,260.5 ,992 ,480 
7.644 ,260.7 ,994 ,480 
7.749 ,260.7 ,992 ,480 
7.859 ,260.5 ,1005 ,480 
7.637 ,260.0 ,995 ,480 
7.640 ,260.0 ,1000 ,480 
7.806 ,260.0 ,1005 ,480 
7.952 ,260.4 ,1004 ,480 
7.767 ,260.4 ,1010 ,480 
7.718 ,260.4 ,1030 ,480 
7.745 ,260.3 ,1017 ,480 
7.900 ,260.4 ,1040 ,480 
8.245 ,260.4 ,1037 ,480 
7.837 ,260.5 ,1022 ,480 
7.719 ,260.6 ,1031 ,480 
7.623 ,260.6 ,1044 ,480 
7.970 ,260.5 ,1030 ,480 
7.656 ,260.1 ,1040 ,490 
7.704 ,260.0 ,1037 ,490 
7.517 ,260.0 ,1048 ,490 
7.837 ,260.0 ,1047 ,485 
7.904 ,260.5 ,1039 ,485 
7.803 ,260.5 ,1048 ,485 
8.001 ,260.4 ,1045 ,485 
7.680 ,260.5 ,1043 ,485 
7.690 ,260.4 ,1040 ,485 
7.815 ,260.4 ,1035 ,485 
8.080 ,260.4 ,1020 ,485 
8.477 ,260.4 ,1011 ,485 
7.905 ,260.6 ,1024 ,480 
7.640 ,260.5 ,1020 ,480 
7.647 ,260.0 ,948 ,480 
8.232 ,262.5 ,924 ,465 
8.021 ,262.7 ,930 ,465 
7.836 ,263.0 ,933 ,465 
7.715 ,262.3 ,945 ,465 
7.642 ,262.3 ,960 ,465 
7.886 ,262.3 ,950 ,465 
7.911 ,262.3 ,960 ,465 
7.653 ,262.5 ,965 ,465 
7.774 ,262.5 ,966 ,465 
7.924 ,262.5 ,966 ,465 
7.613 ,262.6 ,964 ,465 
7.833 ,262.5 ,965 ,465 
7.618 ,262.5 ,987 ,465 
7.510 ,262.5 ,980 ,465 
7.962 ,262.8 ,978 ,465 
7.973 ,262.8 ,977 ,465 
7.514 ,262.8 ,970 ,465 
7.661 ,262.8 ,977 ,465 
7.511 ,262.7 ,978 ,465 
7.994 ,262.8 ,988 ,460 
7.811 ,262.9 ,977 ,460 
7.706 ,262.9 ,978 ,460 
8.481 ,262.9 ,985 ,460 
8.158 ,262.9 ,984 ,460 
8.194 ,262.8 ,980 ,460 
8.031 ,263.0 ,980 ,460 
8.179 ,263.0 ,977 ,460 
8.227 ,262.7 ,987 ,460 
8.062 ,262.8 ,990 ,460 
7.662 ,263.0 ,975 ,460 
7.946 ,262.9 ,949 ,450 
7.970 ,262.9 ,950 ,450 
8.219 ,263.0 ,959 ,450 
7.908 ,263.0 ,955 ,450 
8.077 ,263.0 ,957 ,450 
7.734 ,262.5 ,966 ,450 
8.005 ,262.4 ,969 ,450 
8.470 ,262.4 ,971 ,450 
7.905 ,262.4 ,960 ,450 
7.826 ,262.4 ,946 ,445 
8.325 ,262.6 ,965 ,445 
7.900 ,262.4 ,977 ,445 
7.628 ,262.3 ,985 ,445 
7.770 ,262.3 ,988 ,445 
8.253 ,262.3 ,1088 ,465 
7.672 ,262.4 ,1094 ,465 
7.749 ,262.4 ,1085 ,465 
7.675 ,262.4 ,1091 ,465 
8.042 ,262.5 ,1104 ,465 
7.852 ,262.4 ,1100 ,465 
7.595 ,262.4 ,1092 ,465 
7.932 ,262.4 ,1120 ,465 
7.576 ,262.2 ,1126 ,465 
7.550 ,262.2 ,1138 ,465 
7.585 ,262.2 ,1129 ,465 
7.715 ,262.2 ,1135 ,460 
8.121 ,262.2 ,1142 ,460 
7.759 ,263.0 ,1137 ,460 
7.665 ,263.0 ,1130 ,460 
7.829 ,262.4 ,1157 ,460 
7.602 ,262.4 ,1177 ,460 
7.897 ,262.2 ,1175 ,460 
7.727 ,262.5 ,1170 ,460 
7.600 ,262.4 ,1190 ,460 
7.717 ,262.6 ,1182 ,460 
7.860 ,262.0 ,1188 ,460 
7.782 ,262.9 ,1127 ,450 
7.952 ,262.9 ,1120 ,450 
7.706 ,265.8 ,983 ,470 
7.820 ,265.7 ,988 ,475 
8.085 ,265.7 ,1012 ,475 
7.973 ,265.5 ,1018 ,475 
8.818 ,265.0 ,1020 ,475 
7.587 ,263.0 ,963 ,475 
7.542 ,262.3 ,1022 ,480 
8.313 ,262.3 ,1060 ,480 
7.748 ,262.7 ,1075 ,475 
7.937 ,262.8 ,1079 ,475 
7.577 ,262.7 ,1075 ,475 
7.858 ,262.5 ,1062 ,475 
7.539 ,262.7 ,1087 ,475 
7.741 ,262.0 ,1080 ,475 
7.767 ,262.7 ,1085 ,475 
7.727 ,262.6 ,1082 ,475 
8.198 ,262.8 ,1082 ,475 
8.090 ,262.8 ,1100 ,475 
7.740 ,262.8 ,1093 ,475 
7.612 ,262.8 ,1100 ,475 
7.906 ,262.8 ,1123 ,475 
8.159 ,262.7 ,1120 ,480 
7.653 ,262.5 ,1120 ,480 
8.043 ,262.8 ,1124 ,480 
7.637 ,262.5 ,1125 ,480 
7.645 ,262.6 ,1114 ,480 
7.655 ,262.8 ,1133 ,480 
7.910 ,262.8 ,1134 ,480 
7.769 ,263.2 ,780 ,460 
7.931 ,263.1 ,820 ,450 
7.898 ,263.0 ,843 ,450 
7.604 ,262.9 ,829 ,440 
7.782 ,263.0 ,825 ,425 
7.755 ,263.2 ,773 ,425 
7.542 ,263.3 ,782 ,425 
7.523 ,263.2 ,770 ,425 
8.063 ,263.3 ,775 ,425 
7.767 ,263.3 ,792 ,425 
7.588 ,263.3 ,790 ,425 
8.491 ,263.2 ,782 ,425 
7.637 ,263.2 ,788 ,425 
7.634 ,263.2 ,796 ,425 
7.899 ,263.2 ,820 ,425 
7.936 ,263.0 ,820 ,425 
7.848 ,263.0 ,915 ,450 
8.009 ,263.0 ,920 ,460 
7.774 ,262.8 ,934 ,460 
7.836 ,262.6 ,937 ,460 
7.648 ,262.8 ,926 ,460 
8.027 ,262.8 ,920 ,460 
7.633 ,263.0 ,950 ,460 
7.787 ,263.0 ,945 ,460 
7.640 ,263.0 ,955 ,460 
7.766 ,263.0 ,955 ,455 
7.913 ,263.4 ,944 ,455 
7.902 ,263.4 ,950 ,455 
7.719 ,263.4 ,952 ,455 
7.747 ,263.5 ,951 ,455 
7.933 ,263.2 ,964 ,455 
7.748 ,263.3 ,967 ,455 
7.764 ,263.3 ,983 ,455 
7.830 ,263.2 ,964 ,455 
7.660 ,263.2 ,964 ,455 
7.793 ,263.2 ,980 ,455 
7.887 ,263.2 ,987 ,455 
8.107 ,262.8 ,994 ,455 
7.617 ,262.8 ,999 ,455 
7.853 ,262.8 ,1005 ,455 
7.591 ,262.9 ,1000 ,455 
7.708 ,262.8 ,1010 ,455 
7.562 ,262.9 ,1023 ,455 
8.060 ,262.9 ,1023 ,455 
7.550 ,263.0 ,1111 ,475 
8.058 ,263.0 ,1103 ,470 
7.623 ,263.0 ,1100 ,470 
7.934 ,263.1 ,1100 ,470 
7.855 ,263.0 ,1118 ,470 
8.090 ,263.0 ,1120 ,470 
7.717 ,263.2 ,1104 ,470 
7.639 ,263.3 ,1090 ,470 
7.654 ,263.2 ,1078 ,470 
7.697 ,263.0 ,1104 ,470 
7.586 ,263.0 ,1090 ,470 
7.783 ,263.0 ,1095 ,470 
8.052 ,263.0 ,1095 ,460 
7.965 ,262.8 ,1128 ,460 
7.723 ,263.0 ,1144 ,460 
7.892 ,263.0 ,1095 ,455 
7.817 ,263.0 ,1110 ,460 
7.835 ,263.0 ,1105 ,460 
7.625 ,263.0 ,1102 ,460 
8.020 ,263.5 ,1095 ,460 
7.736 ,263.5 ,1097 ,460 
7.630 ,263.5 ,1140 ,460 
7.743 ,263.4 ,1124 ,460 
7.757 ,263.4 ,1124 ,460 
8.335 ,262.7 ,1141 ,485 
7.898 ,262.8 ,1140 ,485 
8.174 ,262.7 ,1137 ,490 
8.725 ,262.8 ,1140 ,490 
8.213 ,262.7 ,1144 ,495 
7.672 ,262.7 ,1143 ,495 
7.998 ,262.7 ,1141 ,495 
7.766 ,262.8 ,1141 ,495 
8.698 ,262.8 ,1140 ,490 
7.694 ,262.9 ,1140 ,490 
7.705 ,263.0 ,1147 ,490 
7.543 ,263.0 ,1147 ,490 
7.581 ,263.0 ,1147 ,485 
7.868 ,263.0 ,1150 ,490 
8.672 ,263.0 ,1153 ,490 
7.818 ,263.0 ,1156 ,490 
7.870 ,262.8 ,1139 ,490 
8.186 ,262.9 ,1140 ,490 
7.564 ,262.8 ,1159 ,490 
7.631 ,262.8 ,1152 ,485 
8.189 ,262.8 ,1155 ,485 
7.823 ,262.8 ,1172 ,485 
7.862 ,262.8 ,1173 ,485 
7.592 ,262.8 ,1176 ,485 
8.097 ,262.9 ,1175 ,485 
7.868 ,263.0 ,1174 ,485 
7.993 ,263.0 ,1173 ,485 
7.873 ,263.0 ,1184 ,485 
7.750 ,263.0 ,1200 ,490 
7.807 ,262.9 ,1197 ,490 
8.323 ,263.0 ,1194 ,490 
7.597 ,262.9 ,1200 ,490 
7.712 ,262.7 ,1206 ,490 
7.972 ,262.8 ,1210 ,490 
7.529 ,262.8 ,1210 ,490 
8.038 ,262.8 ,1217 ,490 
7.654 ,262.8 ,1210 ,490 
7.528 ,262.8 ,1215 ,485 
7.823 ,262.8 ,1226 ,480 
7.567 ,262.8 ,1226 ,480 
8.094 ,262.8 ,1226 ,480 
7.625 ,262.8 ,1234 ,480 
8.152 ,262.8 ,1230 ,480 
8.021 ,262.9 ,1233 ,480 
8.099 ,262.8 ,1240 ,480 
8.087 ,262.8 ,1238 ,480 
7.708 ,262.8 ,1237 ,480 
7.684 ,262.0 ,900 ,470 
7.718 ,262.2 ,984 ,470 
7.631 ,262.3 ,992 ,470 
7.825 ,262.2 ,988 ,470 
7.962 ,262.2 ,999 ,470 
7.868 ,262.2 ,1016 ,470 
8.215 ,261.9 ,1013 ,470 
7.665 ,262.2 ,999 ,470 
8.183 ,262.0 ,1004 ,470 
7.543 ,262.0 ,1025 ,470 
8.262 ,262.1 ,1010 ,470 
7.620 ,261.8 ,1032 ,470 
7.609 ,262.0 ,1045 ,475 
8.035 ,262.2 ,1033 ,470 
8.012 ,262.2 ,1035 ,470 
7.644 ,262.0 ,1043 ,470 
7.610 ,262.0 ,1040 ,470 
7.771 ,262.2 ,1043 ,470 
7.859 ,262.1 ,1040 ,470 
8.170 ,261.1 ,1049 ,470 
8.299 ,262.0 ,1030 ,470 
7.661 ,262.2 ,1037 ,470 
7.526 ,262.1 ,1037 ,470 
7.610 ,262.5 ,1014 ,470 
8.039 ,262.0 ,1039 ,470 
7.914 ,262.2 ,1025 ,470 
7.754 ,262.1 ,1030 ,470 
7.628 ,262.0 ,1030 ,470 
7.545 ,262.0 ,1040 ,470 
7.978 ,262.0 ,1040 ,470 
7.515 ,261.9 ,1047 ,470 
7.743 ,261.6 ,1064 ,480 
7.800 ,261.6 ,1062 ,475 
7.667 ,261.6 ,1071 ,475 
7.913 ,262.2 ,1062 ,475 
8.136 ,262.2 ,1062 ,475 
7.665 ,262.3 ,1023 ,475 
7.586 ,262.2 ,1019 ,475 
8.077 ,262.2 ,1036 ,465 
8.028 ,261.6 ,1056 ,465 
7.773 ,261.6 ,1023 ,465 
7.563 ,261.9 ,1047 ,470 
7.743 ,261.9 ,1065 ,475 
7.556 ,261.9 ,1066 ,470 
7.510 ,261.8 ,1050 ,470 
7.569 ,261.8 ,1055 ,470 
7.711 ,262.2 ,1033 ,470 
7.713 ,262.0 ,1030 ,470 
7.576 ,262.0 ,1030 ,470 
7.842 ,261.8 ,1048 ,470 
7.909 ,261.8 ,1052 ,470 
7.847 ,261.8 ,1060 ,470 
7.949 ,262.0 ,1078 ,470 
7.695 ,262.0 ,1079 ,470 
7.865 ,262.0 ,1072 ,470 
7.598 ,261.9 ,1074 ,470 
8.052 ,261.9 ,1070 ,470 
7.656 ,262.0 ,1084 ,470 
7.865 ,261.9 ,1090 ,470 
7.636 ,262.0 ,1094 ,470 
7.828 ,262.1 ,1108 ,470 
7.806 ,262.0 ,1089 ,475 
7.863 ,262.0 ,1077 ,475 
7.757 ,262.0 ,1070 ,475 
7.851 ,262.3 ,1040 ,475 
7.543 ,261.8 ,1065 ,475 
7.516 ,261.9 ,1082 ,475 
7.997 ,261.8 ,1105 ,470 
7.979 ,261.9 ,1088 ,470 
7.970 ,260.9 ,1177 ,470 
8.967 ,260.9 ,1200 ,470 
7.858 ,261.0 ,1200 ,470 
8.029 ,260.0 ,1238 ,480 
8.400 ,262.0 ,1152 ,470 
7.761 ,262.0 ,1155 ,470 
7.694 ,261.0 ,1172 ,475 
7.631 ,262.0 ,1164 ,475 
8.126 ,261.0 ,1159 ,475 
7.730 ,261.9 ,1159 ,475 
7.807 ,262.0 ,1158 ,475 
8.079 ,262.0 ,1172 ,470 
7.766 ,262.0 ,1180 ,470 
7.722 ,262.1 ,1155 ,470 
7.682 ,264.9 ,727 ,445 
7.923 ,264.0 ,809 ,445 
7.849 ,264.2 ,874 ,445 
7.720 ,264.1 ,880 ,445 
7.575 ,264.6 ,905 ,445 
7.792 ,264.9 ,919 ,445 
7.667 ,264.2 ,920 ,445 
7.713 ,264.3 ,920 ,445 
7.641 ,264.3 ,923 ,445 
8.118 ,264.0 ,945 ,445 
7.946 ,264.1 ,925 ,445 
8.038 ,264.3 ,911 ,445 
8.028 ,264.1 ,917 ,445 
7.633 ,264.0 ,920 ,445 
7.938 ,264.3 ,920 ,445 
7.710 ,264.3 ,919 ,445 
7.944 ,264.2 ,912 ,445 
7.734 ,264.0 ,900 ,445 
8.014 ,264.0 ,897 ,445 
7.789 ,264.0 ,885 ,445 
7.801 ,264.0 ,890 ,445 
7.762 ,264.0 ,893 ,445 
8.319 ,264.0 ,890 ,445 
7.743 ,263.8 ,884 ,445 
7.767 ,264.0 ,900 ,445 
7.910 ,264.0 ,909 ,445 
7.571 ,264.0 ,910 ,445 
8.096 ,264.0 ,910 ,445 
8.166 ,264.0 ,909 ,445 
7.816 ,264.1 ,907 ,445 
8.065 ,264.0 ,901 ,445 
7.892 ,264.0 ,901 ,450 
7.771 ,264.2 ,883 ,450 
8.373 ,264.0 ,876 ,450 
7.811 ,264.2 ,875 ,450 
7.561 ,264.0 ,871 ,450 
7.774 ,264.0 ,868 ,450 
7.549 ,264.0 ,860 ,450 
7.768 ,264.0 ,866 ,450 
7.739 ,263.7 ,890 ,450 
7.649 ,263.7 ,907 ,450 
7.508 ,263.6 ,920 ,450 
7.682 ,263.7 ,930 ,445 
7.731 ,263.7 ,931 ,445 
7.586 ,263.7 ,944 ,445 
7.641 ,263.8 ,951 ,445 
7.617 ,263.7 ,955 ,445 
7.990 ,263.7 ,955 ,445 
8.237 ,263.8 ,957 ,445 
8.459 ,263.8 ,953 ,445 
7.705 ,264.0 ,955 ,445 
7.965 ,264.0 ,947 ,450 
7.729 ,264.0 ,950 ,450 
7.799 ,263.8 ,939 ,450 
7.677 ,264.0 ,940 ,450 
7.815 ,264.0 ,940 ,450 
7.934 ,264.0 ,922 ,450 
8.000 ,264.0 ,922 ,450 
8.122 ,264.0 ,920 ,450 
7.593 ,264.0 ,913 ,450 
7.845 ,264.1 ,910 ,450 
7.770 ,264.1 ,901 ,450 
7.912 ,264.1 ,907 ,450 
7.701 ,264.2 ,895 ,445 
8.198 ,264.1 ,898 ,445 
7.655 ,264.0 ,890 ,445 
7.900 ,263.2 ,983 ,435 
7.729 ,263.9 ,938 ,435 
7.822 ,263.8 ,945 ,435 
7.656 ,263.8 ,950 ,435 
7.752 ,263.7 ,950 ,435 
7.741 ,263.8 ,952 ,435 
7.606 ,263.9 ,945 ,435 
8.308 ,263.6 ,955 ,435 
8.166 ,263.6 ,955 ,435 
8.158 ,263.6 ,960 ,435 
7.716 ,263.8 ,1005 ,435 
8.261 ,261.2 ,1157 ,490 
8.210 ,261.3 ,1174 ,490 
8.451 ,261.3 ,1190 ,490 
8.556 ,261.3 ,1191 ,490 
7.846 ,261.3 ,1207 ,500 
7.917 ,261.4 ,1225 ,500 
7.840 ,261.3 ,1239 ,500 
8.017 ,261.3 ,1258 ,500 
7.805 ,261.3 ,1299 ,500 
7.965 ,261.3 ,1320 ,500 
7.818 ,261.3 ,1333 ,500 
7.693 ,261.2 ,1374 ,505 
7.896 ,261.2 ,1416 ,505 
8.365 ,261.2 ,1472 ,505 
7.625 ,261.2 ,1470 ,505 
8.245 ,261.4 ,1500 ,505 
7.891 ,261.5 ,1500 ,500 
8.184 ,261.4 ,1550 ,500 
8.090 ,261.4 ,1578 ,500 
8.578 ,261.4 ,1603 ,500 
7.781 ,261.4 ,1641 ,500 
7.970 ,261.4 ,1650 ,500 
8.049 ,261.4 ,1660 ,500 
7.842 ,264.0 ,828 ,420 
7.835 ,264.0 ,866 ,420 
7.849 ,263.5 ,957 ,420 
7.732 ,263.6 ,983 ,420 
7.888 ,263.5 ,1000 ,420 
7.799 ,263.5 ,1001 ,430 
8.181 ,264.0 ,1020 ,430 
7.958 ,264.1 ,1030 ,430 
7.976 ,263.8 ,1037 ,430 
7.887 ,264.0 ,1027 ,435 
7.507 ,264.0 ,1054 ,435 
7.612 ,264.0 ,1054 ,435 
8.149 ,264.0 ,1060 ,435 
8.442 ,264.0 ,1080 ,435 
7.755 ,264.0 ,1092 ,435 
7.803 ,263.7 ,1114 ,435 
8.153 ,263.7 ,1145 ,435 
7.920 ,263.7 ,1138 ,435 
7.885 ,263.7 ,1140 ,435 
7.970 ,263.7 ,1203 ,435 
8.096 ,263.7 ,1236 ,435 
7.646 ,263.7 ,1265 ,435 
7.869 ,261.8 ,981 ,450 
7.887 ,261.8 ,1000 ,445 
7.950 ,261.0 ,1010 ,445 
7.602 ,262.0 ,1015 ,445 
7.773 ,262.0 ,1022 ,445 
7.776 ,262.3 ,1034 ,445 
7.651 ,262.0 ,1072 ,445 
7.580 ,261.9 ,1314 ,495 
7.622 ,261.9 ,1328 ,495 
7.745 ,262.0 ,1360 ,495 
7.660 ,261.8 ,1366 ,495 
7.905 ,261.9 ,1377 ,495 
7.674 ,261.8 ,1382 ,495 
7.566 ,262.0 ,1400 ,495 
7.891 ,262.0 ,1410 ,495 
7.599 ,261.9 ,1439 ,495 
7.722 ,262.2 ,1511 ,490 
7.543 ,262.0 ,1530 ,490 
7.694 ,262.0 ,1230 ,490 
7.886 ,261.6 ,1244 ,490 
7.920 ,216.5 ,1254 ,490 
8.386 ,262.0 ,1250 ,490 
8.001 ,262.0 ,1250 ,490 
7.734 ,262.0 ,1254 ,495 
7.973 ,261.9 ,1262 ,495 
7.719 ,261.8 ,1270 ,495 
7.663 ,262.0 ,1272 ,495 
7.740 ,262.0 ,1278 ,495 
8.073 ,261.8 ,1280 ,495 
7.988 ,261.9 ,1284 ,495 
7.657 ,262.0 ,1289 ,495 
7.648 ,262.0 ,1289 ,495 
7.583 ,262.0 ,1317 ,495 
7.763 ,261.8 ,1333 ,495 
7.622 ,261.9 ,1336 ,495 
7.683 ,261.9 ,1340 ,495 
7.759 ,262.0 ,1345 ,495 
7.957 ,262.0 ,1352 ,495 
7.612 ,262.0 ,1360 ,495 
7.948 ,261.9 ,1393 ,495 
7.949 ,261.9 ,1410 ,500 
7.589 ,265.5 ,1060 ,470 
7.597 ,265.6 ,1079 ,470 
8.465 ,265.5 ,1085 ,470 
7.948 ,265.5 ,1085 ,470 
8.100 ,265.5 ,1094 ,470 
8.584 ,265.6 ,1092 ,470 
7.695 ,265.6 ,1107 ,475 
8.385 ,265.6 ,1111 ,475 
8.389 ,265.6 ,1116 ,475 
8.560 ,265.6 ,1120 ,475 
8.470 ,265.6 ,1120 ,475 
7.865 ,265.5 ,1115 ,475 
8.593 ,265.5 ,1114 ,475 
7.721 ,265.5 ,1118 ,475 
8.417 ,265.6 ,1115 ,475 
7.580 ,265.6 ,1108 ,475 
7.548 ,256.6 ,1110 ,475 
7.750 ,256.6 ,1105 ,475 
8.006 ,260.7 ,600 ,420 
7.984 ,260.6 ,677 ,440 
8.195 ,260.7 ,712 ,445 
8.319 ,261.0 ,709 ,445 
7.998 ,261.5 ,727 ,445 
7.771 ,261.5 ,730 ,445 
8.158 ,261.5 ,730 ,445 
7.800 ,261.3 ,739 ,445 
7.836 ,260.8 ,737 ,445 
8.075 ,262.0 ,735 ,445 
7.610 ,260.7 ,733 ,445 
7.875 ,260.8 ,740 ,445 
7.691 ,260.8 ,750 ,445 
7.552 ,260.9 ,760 ,445 
8.180 ,260.8 ,790 ,445 
7.917 ,260.8 ,798 ,445 
7.947 ,260.9 ,792 ,445 
8.337 ,261.0 ,794 ,445 
8.048 ,260.8 ,808 ,445 
7.933 ,260.9 ,808 ,445 
7.936 ,260.7 ,803 ,445 
7.591 ,260.2 ,792 ,445 
7.940 ,260.2 ,787 ,445 
8.302 ,260.8 ,792 ,445 
7.697 ,260.8 ,809 ,445 
7.766 ,260.7 ,800 ,445 
8.470 ,260.7 ,799 ,445 
8.267 ,260.8 ,799 ,445 
7.717 ,260.8 ,799 ,445 
7.704 ,260.8 ,799 ,445 
7.647 ,260.7 ,825 ,445 
7.650 ,260.8 ,824 ,445 
7.884 ,260.8 ,845 ,445 
8.157 ,260.8 ,854 ,445 
7.962 ,260.9 ,860 ,445 
8.132 ,260.7 ,880 ,445 
8.233 ,260.8 ,894 ,445 
7.926 ,260.9 ,844 ,445 
7.714 ,260.7 ,850 ,445 
8.070 ,260.7 ,850 ,445 
7.634 ,260.7 ,850 ,445 
7.898 ,260.8 ,855 ,455 
7.558 ,260.5 ,933 ,445 
7.555 ,260.7 ,943 ,445 
7.669 ,260.8 ,948 ,445 
8.595 ,260.8 ,976 ,440 
7.738 ,261.0 ,991 ,440 
7.750 ,261.0 ,1000 ,440 
7.703 ,260.8 ,1022 ,440 
8.164 ,260.8 ,1040 ,440 
7.997 ,260.6 ,1061 ,440 
7.943 ,260.7 ,1062 ,440 
7.719 ,260.9 ,1100 ,440 
7.852 ,260.8 ,1133 ,440 
7.826 ,261.0 ,1171 ,440 
7.902 ,260.9 ,1200 ,440 
7.835 ,260.9 ,1220 ,440 
8.032 ,260.9 ,1254 ,440 
7.914 ,260.9 ,1280 ,440 
7.885 ,261.1 ,1310 ,440 
8.121 ,260.9 ,1340 ,440 
7.773 ,261.0 ,1398 ,440 
7.974 ,261.0 ,1398 ,440 
7.941 ,261.1 ,641 ,435 
7.518 ,262.2 ,653 ,435 
7.944 ,262.1 ,667 ,435 
7.870 ,262.0 ,684 ,435 
7.786 ,262.0 ,689 ,435 
7.830 ,262.0 ,689 ,435 
8.129 ,262.0 ,717 ,435 
7.891 ,262.0 ,724 ,435 
7.862 ,262.0 ,739 ,435 
7.845 ,262.0 ,750 ,435 
8.005 ,262.0 ,766 ,435 
7.948 ,262.0 ,772 ,435 
7.876 ,262.0 ,775 ,435 
8.223 ,262.0 ,790 ,435 
7.825 ,262.0 ,800 ,435 
7.921 ,262.1 ,811 ,435 
7.869 ,262.3 ,829 ,435 
7.536 ,262.3 ,856 ,435 
7.916 ,262.0 ,884 ,435 
7.632 ,262.3 ,883 ,435 
7.620 ,262.0 ,870 ,435 
7.968 ,261.9 ,919 ,435 
8.016 ,262.2 ,864 ,435 
7.723 ,262.2 ,840 ,420 
8.021 ,262.2 ,858 ,420 
7.921 ,262.3 ,864 ,420 
7.667 ,262.0 ,879 ,420 
8.095 ,262.0 ,918 ,420 
8.060 ,262.0 ,932 ,420 
7.719 ,262.1 ,1050 ,420 
7.536 ,262.2 ,1118 ,420 
7.502 ,262.0 ,1140 ,420 
7.946 ,262.1 ,550 ,410 
7.835 ,262.2 ,545 ,405 
8.005 ,262.2 ,530 ,405 
8.043 ,262.2 ,535 ,405 
8.552 ,262.0 ,538 ,405 
8.655 ,262.3 ,537 ,405 
7.597 ,262.3 ,545 ,410 
7.822 ,262.5 ,550 ,410 
7.603 ,262.3 ,550 ,410 
8.099 ,262.0 ,564 ,410 
7.735 ,262.0 ,540 ,410 
7.967 ,262.1 ,541 ,410 
7.984 ,262.1 ,547 ,470 
7.987 ,262.1 ,545 ,470 
7.931 ,262.2 ,541 ,410 
7.623 ,262.2 ,570 ,410 
7.798 ,262.2 ,571 ,400 
7.501 ,262.2 ,580 ,400 
8.037 ,262.0 ,585 ,415 
7.720 ,261.9 ,580 ,415 
7.807 ,261.8 ,594 ,415 
8.080 ,259.8 ,622 ,415 
7.876 ,259.7 ,630 ,420 
8.146 ,261.7 ,616 ,410 
7.979 ,261.9 ,612 ,410 
7.984 ,262.0 ,617 ,410 
7.658 ,261.8 ,619 ,410 
7.763 ,262.0 ,619 ,410 
8.452 ,262.0 ,614 ,410 
7.738 ,262.0 ,611 ,410 
7.754 ,261.8 ,613 ,410 
7.877 ,261.8 ,616 ,410 
7.803 ,261.9 ,612 ,410 
7.892 ,261.9 ,618 ,410 
7.767 ,261.9 ,612 ,410 
7.878 ,262.3 ,613 ,410 
7.832 ,262.0 ,620 ,410 
7.722 ,260.7 ,645 ,415 
7.687 ,261.2 ,666 ,415 
8.143 ,261.0 ,685 ,415 
8.109 ,260.7 ,687 ,415 
7.761 ,260.8 ,660 ,410 
8.201 ,260.8 ,666 ,415 
7.809 ,260.9 ,661 ,410 
8.193 ,260.9 ,650 ,410 
8.030 ,261.0 ,648 ,410 
7.882 ,261.2 ,652 ,410 
7.873 ,261.3 ,652 ,410 
8.293 ,261.2 ,664 ,410 
8.483 ,260.9 ,672 ,410 
8.555 ,261.0 ,675 ,410 
7.972 ,260.8 ,658 ,410 
8.036 ,261.0 ,654 ,410 
7.810 ,261.0 ,647 ,410 
8.659 ,260.9 ,665 ,410 
8.323 ,261.0 ,650 ,410 
7.776 ,261.1 ,658 ,410 
7.979 ,261.0 ,680 ,410 
7.797 ,260.9 ,690 ,410 
8.097 ,261.0 ,690 ,410 
8.118 ,261.0 ,695 ,415 
8.229 ,260.7 ,564 ,405 
7.891 ,260.3 ,595 ,405 
7.637 ,260.4 ,605 ,405 
7.997 ,260.2 ,612 ,405 
7.811 ,260.3 ,613 ,405 
7.560 ,260.3 ,615 ,405 
7.843 ,260.3 ,620 ,405 
8.044 ,260.3 ,618 ,405 
7.542 ,260.0 ,578 ,420 
7.736 ,260.0 ,580 ,420 
7.611 ,260.0 ,589 ,420 
7.995 ,260.0 ,586 ,420 
8.064 ,260.3 ,582 ,420 
7.592 ,260.3 ,578 ,420 
7.707 ,260.3 ,575 ,420 
7.669 ,260.3 ,585 ,420 
7.695 ,260.2 ,590 ,420 
7.944 ,260.6 ,600 ,420 
7.943 ,260.0 ,618 ,420 
8.090 ,260.0 ,633 ,420 
7.969 ,260.3 ,598 ,420 
7.779 ,260.3 ,617 ,420 
7.953 ,260.3 ,623 ,420 
8.122 ,260.0 ,615 ,420 
8.025 ,260.0 ,615 ,415 
7.847 ,260.3 ,617 ,415 
7.804 ,260.3 ,617 ,415 
7.899 ,260.2 ,640 ,415 
8.166 ,260.3 ,763 ,440 
8.518 ,260.2 ,759 ,440 
8.208 ,260.2 ,754 ,440 
7.783 ,260.3 ,756 ,440 
7.519 ,260.2 ,754 ,440 
7.772 ,260.1 ,760 ,440 
8.307 ,260.2 ,757 ,440 
8.079 ,260.0 ,762 ,440 
7.772 ,260.3 ,768 ,440 
7.772 ,260.2 ,774 ,440 
7.984 ,260.4 ,767 ,440 
7.778 ,260.6 ,756 ,440 
8.118 ,260.0 ,752 ,440 
8.106 ,260.6 ,755 ,440 
7.755 ,260.3 ,775 ,440 
7.852 ,260.3 ,789 ,445 
7.616 ,260.5 ,786 ,445 
8.366 ,260.5 ,788 ,445 
8.354 ,260.3 ,794 ,445 
8.188 ,260.3 ,794 ,445 
7.874 ,260.4 ,805 ,445 
7.978 ,260.2 ,811 ,445 
8.042 ,260.4 ,820 ,445 
7.858 ,260.4 ,820 ,445 
7.822 ,260.4 ,830 ,445 
8.208 ,260.4 ,846 ,445 
8.154 ,260.1 ,842 ,445 
8.418 ,260.3 ,845 ,445 
7.723 ,260.4 ,852 ,445 
7.868 ,260.4 ,857 ,445 
7.716 ,260.4 ,844 ,445 
8.278 ,260.4 ,851 ,445 
7.501 ,260.4 ,859 ,445 
7.931 ,260.0 ,855 ,445 
7.728 ,260.3 ,860 ,445 
7.850 ,260.4 ,863 ,445 
7.801 ,260.4 ,871 ,445 
7.988 ,260.4 ,887 ,445 
7.502 ,260.4 ,884 ,445 
7.785 ,260.5 ,920 ,445 
7.598 ,260.4 ,950 ,445 
8.160 ,260.4 ,974 ,445 
7.701 ,260.4 ,993 ,445 
8.182 ,260.3 ,1015 ,445 
7.761 ,260.4 ,1032 ,445 
7.785 ,260.4 ,1041 ,445 
7.730 ,260.4 ,1118 ,445 
7.733 ,260.4 ,1180 ,445 
7.644 ,260.4 ,1239 ,445 
8.021 ,260.4 ,1344 ,445 
7.941 ,260.4 ,1402 ,445 
7.733 ,260.3 ,1424 ,445 
7.622 ,260.5 ,1466 ,445 
7.872 ,260.4 ,1460 ,445 
7.609 ,260.7 ,1445 ,445 
7.803 ,261.4 ,668 ,435 
7.906 ,261.3 ,670 ,435 
7.970 ,261.2 ,682 ,435 
7.972 ,261.1 ,691 ,430 
7.822 ,261.0 ,700 ,430 
7.634 ,261.0 ,700 ,435 
7.525 ,261.6 ,713 ,435 
7.789 ,261.5 ,725 ,435 
7.782 ,261.2 ,721 ,435 
8.016 ,261.8 ,718 ,435 
7.780 ,261.1 ,718 ,435 
7.591 ,261.2 ,726 ,435 
7.625 ,261.2 ,730 ,430 
8.364 ,261.2 ,732 ,430 
7.991 ,261.3 ,723 ,430 
8.009 ,261.2 ,725 ,430 
7.960 ,261.0 ,733 ,430 
8.108 ,261.2 ,751 ,430 
7.823 ,261.2 ,767 ,430 
7.911 ,261.0 ,770 ,430 
7.931 ,261.2 ,771 ,430 
7.857 ,261.3 ,771 ,430 
7.932 ,261.2 ,763 ,430 
8.304 ,261.2 ,763 ,430 
8.048 ,261.4 ,770 ,430 
7.997 ,261.2 ,772 ,430 
7.957 ,261.1 ,777 ,430 
7.778 ,261.2 ,773 ,430 
8.052 ,261.1 ,780 ,430 
7.711 ,261.2 ,784 ,430 
8.254 ,261.2 ,794 ,430 
7.877 ,261.2 ,784 ,430 
8.094 ,261.2 ,781 ,430 
8.479 ,261.2 ,778 ,430 
7.893 ,261.1 ,761 ,430 
8.035 ,261.0 ,767 ,430 
7.597 ,261.1 ,764 ,430 
7.590 ,261.0 ,760 ,430 
7.828 ,261.1 ,765 ,430 
8.066 ,261.1 ,773 ,430 
8.085 ,261.1 ,792 ,430 
7.905 ,261.1 ,786 ,430 
7.630 ,261.1 ,788 ,430 
7.976 ,261.1 ,789 ,430 
7.676 ,261.2 ,795 ,430 
7.661 ,261.1 ,797 ,430 
7.967 ,261.2 ,809 ,425 
7.862 ,261.4 ,810 ,425 
8.017 ,261.0 ,815 ,425 
7.779 ,261.0 ,815 ,425 
8.057 ,261.3 ,817 ,425 
8.276 ,261.0 ,840 ,425 
8.411 ,261.0 ,862 ,425 
8.453 ,261.1 ,867 ,425 
7.915 ,261.0 ,878 ,425 
8.549 ,261.0 ,878 ,425 
7.740 ,261.0 ,890 ,425 
7.646 ,261.0 ,866 ,425 
8.042 ,261.1 ,887 ,420 
7.792 ,261.1 ,902 ,420 
7.832 ,261.7 ,917 ,420 
7.670 ,261.1 ,964 ,420 
7.589 ,261.0 ,988 ,420 
7.516 ,261.0 ,1000 ,420 
7.858 ,261.0 ,684 ,425 
8.023 ,261.0 ,688 ,425 
7.885 ,261.2 ,702 ,425 
8.048 ,261.2 ,700 ,425 
7.884 ,261.7 ,640 ,415 
8.041 ,261.5 ,640 ,415 
8.131 ,261.5 ,640 ,415 
8.103 ,261.5 ,640 ,415 
7.639 ,260.8 ,715 ,430 
7.743 ,261.0 ,716 ,430 
7.582 ,260.8 ,732 ,430 
7.626 ,261.0 ,740 ,430 
7.522 ,261.0 ,744 ,430 
7.701 ,261.0 ,749 ,430 
7.861 ,261.0 ,740 ,430 
7.767 ,260.9 ,765 ,430 
8.327 ,261.0 ,762 ,430 
7.945 ,261.0 ,765 ,430 
7.855 ,261.0 ,762 ,425 
8.494 ,261.1 ,800 ,420 
7.965 ,261.0 ,860 ,425 
8.241 ,261.0 ,875 ,435 
7.819 ,261.0 ,887 ,435 
7.766 ,261.3 ,916 ,435 
7.663 ,261.2 ,930 ,435 
7.775 ,261.4 ,953 ,435 
7.786 ,261.4 ,962 ,435 
7.655 ,261.2 ,964 ,435 
7.996 ,261.2 ,990 ,435 
7.823 ,261.2 ,990 ,435 
7.975 ,261.1 ,1009 ,435 
7.564 ,261.0 ,1030 ,435 
7.804 ,261.4 ,550 ,405 
8.068 ,261.4 ,551 ,405 
8.042 ,261.4 ,574 ,405 
7.745 ,261.5 ,580 ,405 
7.812 ,261.4 ,600 ,405 
7.644 ,261.2 ,610 ,415 
7.974 ,261.2 ,623 ,415 
7.845 ,261.2 ,640 ,420 
7.709 ,261.5 ,650 ,420 
7.892 ,261.5 ,650 ,420 
7.542 ,261.5 ,680 ,425 
7.972 ,261.2 ,630 ,420 
7.902 ,261.0 ,639 ,420 
7.555 ,260.8 ,637 ,420 
7.899 ,260.7 ,637 ,415 
8.339 ,261.0 ,645 ,415 
7.984 ,260.9 ,660 ,415 
7.991 ,260.9 ,665 ,415 
8.142 ,260.9 ,665 ,415 
7.994 ,259.0 ,625 ,410 
7.976 ,259.4 ,726 ,425 
7.835 ,259.4 ,740 ,425 
8.069 ,259.2 ,743 ,425 
8.320 ,259.2 ,743 ,425 
8.358 ,259.2 ,756 ,430 
8.486 ,259.2 ,756 ,430 
7.719 ,259.3 ,745 ,430 
8.513 ,259.5 ,732 ,430 
7.769 ,259.3 ,744 ,430 
8.031 ,259.1 ,747 ,430 
8.148 ,259.1 ,750 ,430 
7.677 ,259.2 ,757 ,430 
7.808 ,259.0 ,759 ,430 
8.055 ,259.0 ,756 ,430 
7.887 ,259.0 ,756 ,430 
8.101 ,259.0 ,757 ,430 
8.682 ,259.1 ,764 ,430 
7.835 ,259.0 ,770 ,430 
8.206 ,259.0 ,771 ,430 
7.752 ,259.0 ,767 ,430 
7.918 ,259.2 ,785 ,430 
8.493 ,259.2 ,790 ,430 
8.032 ,259.3 ,787 ,430 
7.898 ,259.3 ,783 ,430 
7.793 ,259.3 ,790 ,430 
7.785 ,259.3 ,796 ,430 
8.516 ,259.3 ,797 ,430 
7.737 ,259.4 ,790 ,430 
7.891 ,259.2 ,796 ,430 
8.108 ,259.2 ,780 ,430 
8.026 ,259.2 ,788 ,430 
8.405 ,259.2 ,816 ,430 
8.117 ,259.3 ,813 ,430 
8.035 ,259.0 ,813 ,430 
7.966 ,259.2 ,833 ,430 
8.175 ,259.0 ,840 ,430 
8.193 ,259.0 ,842 ,430 
7.821 ,259.0 ,851 ,430 
7.884 ,259.3 ,832 ,430 
8.327 ,259.2 ,823 ,430 
7.774 ,259.2 ,832 ,430 
7.707 ,259.1 ,820 ,430 
7.597 ,259.2 ,821 ,430 
8.009 ,259.3 ,816 ,430 
8.170 ,259.3 ,820 ,430 
8.045 ,259.4 ,822 ,430 
8.062 ,259.5 ,820 ,430 
8.016 ,259.3 ,820 ,430 
7.828 ,259.3 ,810 ,430 
7.783 ,259.2 ,824 ,430 
8.477 ,259.2 ,833 ,430 
8.162 ,259.2 ,840 ,430 
8.329 ,259.4 ,828 ,430 
7.628 ,259.0 ,838 ,430 
8.067 ,259.2 ,852 ,430 
7.788 ,259.2 ,818 ,420 
7.845 ,259.2 ,837 ,420 
8.236 ,259.3 ,848 ,420 
7.958 ,259.2 ,888 ,420 
7.864 ,259.1 ,894 ,420 
8.303 ,259.1 ,908 ,420 
7.910 ,259.2 ,910 ,420 
8.251 ,259.3 ,907 ,420 
7.848 ,259.3 ,940 ,420 
7.613 ,259.3 ,940 ,420 
7.850 ,259.3 ,941 ,420 
7.671 ,259.3 ,1006 ,420 
8.042 ,259.2 ,1021 ,410 
8.150 ,259.0 ,1168 ,410 
7.807 ,259.2 ,1210 ,410 
8.281 ,259.2 ,1210 ,410 
7.958 ,259.1 ,1258 ,415 
7.912 ,258.9 ,702 ,420 
7.717 ,258.9 ,730 ,430 
7.869 ,259.7 ,693 ,430 
8.059 ,259.8 ,693 ,430 
8.503 ,259.8 ,698 ,430 
8.301 ,259.8 ,710 ,430 
8.286 ,259.8 ,720 ,430 
8.370 ,259.8 ,721 ,435 
7.747 ,259.8 ,728 ,435 
7.890 ,259.8 ,733 ,435 
8.040 ,259.8 ,734 ,435 
7.872 ,260.0 ,735 ,435 
8.250 ,260.0 ,815 ,435 
8.202 ,257.0 ,857 ,440 
7.769 ,256.8 ,885 ,450 
7.563 ,256.8 ,902 ,450 
8.667 ,256.7 ,918 ,450 
8.208 ,257.0 ,920 ,460 
7.788 ,256.9 ,901 ,460 
7.798 ,257.0 ,905 ,460 
8.339 ,257.0 ,917 ,460 
7.606 ,257.0 ,928 ,460 
8.181 ,256.7 ,939 ,460 
7.753 ,257.5 ,936 ,460 
7.989 ,256.9 ,936 ,460 
8.452 ,256.8 ,956 ,460 
8.087 ,256.8 ,969 ,460 
7.818 ,256.9 ,956 ,460 
7.974 ,256.8 ,961 ,460 
7.945 ,256.9 ,1010 ,460 
7.769 ,256.9 ,1030 ,460 
7.537 ,257.0 ,1102 ,460 
7.577 ,257.0 ,1159 ,460 
7.637 ,256.9 ,1238 ,460 
7.544 ,256.9 ,850 ,455 
7.832 ,256.8 ,853 ,455 
7.938 ,256.9 ,882 ,455 
7.797 ,256.9 ,885 ,455 
8.093 ,256.9 ,903 ,455 
7.667 ,256.8 ,920 ,455 
7.632 ,256.9 ,933 ,455 
7.795 ,256.9 ,949 ,455 
7.707 ,256.9 ,960 ,455 
7.703 ,256.9 ,972 ,450 
7.608 ,256.9 ,990 ,450 
7.885 ,256.9 ,999 ,450 
8.003 ,256.9 ,1012 ,450 
7.825 ,256.9 ,1028 ,450 
8.076 ,256.9 ,1040 ,450 
7.710 ,257.0 ,1070 ,450 
8.010 ,257.0 ,840 ,465 
7.535 ,256.8 ,870 ,465 
7.713 ,256.9 ,878 ,465 
7.783 ,256.8 ,913 ,465 
8.050 ,256.9 ,935 ,460 
7.612 ,256.9 ,941 ,460 
7.804 ,256.9 ,974 ,460 
7.554 ,256.9 ,984 ,460 
7.903 ,256.9 ,988 ,460 
7.582 ,257.0 ,994 ,460 
7.897 ,256.9 ,1019 ,460 
7.976 ,259.1 ,981 ,445 
8.047 ,259.0 ,991 ,445 
7.696 ,259.1 ,995 ,445 
7.741 ,260.0 ,995 ,450 
7.578 ,260.0 ,990 ,450 
7.594 ,260.0 ,730 ,450 
7.656 ,260.0 ,757 ,445 
7.518 ,260.1 ,781 ,445 
7.601 ,260.0 ,790 ,445 
7.519 ,260.1 ,799 ,445 
7.844 ,260.0 ,817 ,445 
7.832 ,260.0 ,820 ,445 
7.757 ,260.0 ,820 ,445 
7.700 ,260.0 ,831 ,445 
7.690 ,260.0 ,842 ,445 
8.161 ,260.0 ,843 ,445 
7.768 ,260.0 ,845 ,445 
7.707 ,260.0 ,845 ,445 
7.644 ,260.0 ,840 ,445 
8.896 ,260.0 ,1000 ,445 
7.726 ,260.0 ,1000 ,480 
7.684 ,262.0 ,960 ,475 
7.575 ,262.0 ,963 ,475 
7.503 ,261.9 ,950 ,475 
7.714 ,261.9 ,945 ,475 
7.815 ,262.0 ,947 ,475 
7.597 ,262.0 ,933 ,475 
7.745 ,262.0 ,934 ,475 
7.609 ,262.0 ,933 ,475 
7.839 ,262.0 ,937 ,475 
7.731 ,262.1 ,924 ,475 
7.803 ,262.0 ,910 ,465 
8.019 ,262.0 ,906 ,465 
7.869 ,262.0 ,906 ,465 
7.530 ,262.0 ,902 ,465 
7.696 ,262.0 ,900 ,465 
7.922 ,262.3 ,1060 ,460 
7.755 ,262.2 ,1118 ,455 
8.363 ,262.6 ,1143 ,455 
8.006 ,262.5 ,1122 ,445 
8.012 ,262.4 ,1154 ,445 
7.768 ,262.4 ,1155 ,445 
7.772 ,262.5 ,1170 ,445 
8.301 ,262.4 ,1162 ,445 
7.849 ,261.1 ,1120 ,465 
7.775 ,261.2 ,1147 ,465 
7.556 ,261.6 ,1190 ,465 
7.709 ,261.3 ,1205 ,465 
7.757 ,261.2 ,1230 ,465 
7.665 ,261.4 ,1240 ,465 
7.557 ,261.5 ,1242 ,465 
7.540 ,261.4 ,1255 ,465 
8.075 ,261.4 ,1262 ,465 
7.684 ,261.3 ,1275 ,465 
8.078 ,261.3 ,1275 ,465 
8.045 ,261.3 ,1298 ,465 
8.502 ,261.3 ,1320 ,465 
7.589 ,261.3 ,1318 ,465 
7.606 ,261.4 ,1327 ,465 
7.858 ,261.4 ,1339 ,465 
7.900 ,261.4 ,1343 ,465 
8.150 ,261.5 ,1340 ,465 
7.871 ,261.4 ,1350 ,465 
7.571 ,261.4 ,1355 ,465 
7.696 ,261.5 ,1355 ,465 
7.833 ,261.5 ,1360 ,465 
8.066 ,261.4 ,1372 ,465 
7.596 ,261.3 ,1390 ,465 
7.683 ,261.4 ,1381 ,465 
8.027 ,261.4 ,1378 ,465 
8.002 ,261.4 ,1500 ,475 
7.764 ,261.4 ,1555 ,475 
7.792 ,261.5 ,1586 ,475 
7.923 ,261.4 ,1655 ,475 
7.916 ,261.3 ,1695 ,475 
8.004 ,261.5 ,1799 ,480 
7.786 ,261.5 ,1800 ,480 
8.017 ,261.3 ,1155 ,475 
7.933 ,261.4 ,1155 ,475 
7.626 ,261.3 ,1160 ,475 
7.992 ,261.2 ,1156 ,475 
7.776 ,261.3 ,1166 ,475 
7.977 ,261.2 ,1175 ,475 
7.592 ,261.3 ,1173 ,475 
7.853 ,261.4 ,1184 ,475 
7.588 ,261.3 ,1190 ,470 
7.599 ,261.4 ,1196 ,470 
7.690 ,261.4 ,1202 ,470 
7.728 ,261.2 ,1210 ,470 
7.799 ,261.3 ,1208 ,470 
7.752 ,261.4 ,1210 ,470 
8.118 ,261.4 ,1226 ,470 
7.948 ,261.4 ,1228 ,470 
7.688 ,261.4 ,1232 ,470 
7.830 ,261.4 ,1234 ,470 
7.762 ,261.2 ,1254 ,470 
7.965 ,261.3 ,1262 ,470 
8.580 ,261.3 ,1300 ,475 
8.020 ,261.4 ,1310 ,475 
7.967 ,261.3 ,1316 ,475 
7.907 ,261.5 ,1317 ,475 
7.767 ,261.5 ,1326 ,475 
7.796 ,261.6 ,1346 ,475 
7.710 ,261.6 ,1345 ,475 
7.927 ,261.5 ,1357 ,475 
7.654 ,261.5 ,1370 ,475 
8.013 ,261.5 ,1375 ,475 
8.130 ,261.5 ,1380 ,475 
7.965 ,261.3 ,1388 ,475 
8.250 ,261.5 ,1400 ,475 
8.232 ,261.4 ,1411 ,475 
7.953 ,261.4 ,1404 ,475 
7.914 ,262.5 ,1133 ,460 
7.699 ,262.5 ,1187 ,460 
7.722 ,262.6 ,1232 ,460 
7.628 ,262.6 ,1267 ,460 
7.644 ,262.6 ,1268 ,460 
8.012 ,262.5 ,1321 ,460 
8.336 ,262.7 ,1350 ,470 
7.714 ,262.7 ,1358 ,470 
7.712 ,262.6 ,1340 ,470 
7.752 ,262.5 ,1351 ,470 
7.588 ,262.5 ,1350 ,470 
8.087 ,262.6 ,1375 ,470 
7.865 ,262.5 ,1380 ,470 
7.779 ,262.5 ,1394 ,470 
7.539 ,262.6 ,1410 ,475 
7.622 ,262.6 ,1415 ,475 
7.903 ,263.5 ,1093 ,470 
7.870 ,263.5 ,1090 ,470 
8.132 ,263.5 ,1109 ,470 
7.823 ,263.5 ,1111 ,470 
7.960 ,263.5 ,1120 ,470 
7.766 ,263.4 ,1008 ,450 
8.160 ,263.4 ,997 ,445 
8.503 ,263.6 ,990 ,445 
8.291 ,263.6 ,998 ,445 
7.862 ,263.6 ,1000 ,445 
7.838 ,263.7 ,1007 ,445 
7.946 ,263.7 ,1012 ,445 
8.028 ,263.7 ,1010 ,445 
8.155 ,263.7 ,1000 ,445 
8.078 ,263.7 ,1000 ,445 
7.717 ,263.7 ,1006 ,445 
8.114 ,263.7 ,1005 ,445 
7.659 ,263.7 ,1037 ,445 
8.262 ,263.8 ,1060 ,450 
8.120 ,263.6 ,1062 ,450 
8.035 ,263.7 ,1062 ,450 
7.554 ,263.7 ,1065 ,450 
7.709 ,263.7 ,1070 ,450 
7.981 ,263.6 ,1063 ,450 
8.344 ,263.6 ,1057 ,450 
8.179 ,263.6 ,1057 ,450 
7.687 ,263.6 ,1060 ,450 
7.867 ,263.5 ,1060 ,450 
7.714 ,263.4 ,1058 ,450 
7.711 ,263.6 ,1029 ,435 
8.326 ,263.6 ,1039 ,435 
7.536 ,263.8 ,1030 ,435 
7.939 ,263.6 ,1028 ,435 
8.505 ,263.6 ,1036 ,435 
7.625 ,263.6 ,1021 ,435 
8.415 ,263.6 ,1028 ,435 
7.753 ,263.7 ,1041 ,435 
8.340 ,263.7 ,1029 ,435 
8.427 ,263.7 ,1034 ,435 
7.884 ,263.7 ,1030 ,435 
7.865 ,263.5 ,1031 ,435 
8.794 ,263.5 ,1077 ,435 
8.438 ,263.5 ,1074 ,440 
8.264 ,263.6 ,1070 ,440 
8.064 ,263.5 ,1066 ,440 
8.182 ,263.5 ,1079 ,440 
8.146 ,263.6 ,1074 ,440 
8.226 ,263.6 ,1082 ,440 
7.772 ,263.7 ,1077 ,440 
7.672 ,263.7 ,1081 ,440 
7.912 ,263.7 ,1084 ,440 
8.099 ,263.7 ,1086 ,440 
8.180 ,263.7 ,1080 ,440 
8.180 ,263.5 ,1144 ,440 
7.966 ,263.6 ,1152 ,455 
7.836 ,263.6 ,1143 ,455 
7.551 ,263.6 ,1148 ,455 
7.894 ,263.5 ,1159 ,455 
7.994 ,263.5 ,1160 ,455 
8.024 ,263.5 ,1154 ,455 
8.265 ,263.5 ,1150 ,455 
7.545 ,263.7 ,1140 ,455 
7.884 ,263.7 ,1140 ,450 
7.872 ,263.5 ,1140 ,450 
7.870 ,263.5 ,1142 ,450 
7.664 ,263.4 ,1140 ,450 
7.695 ,263.5 ,1130 ,450 
7.556 ,263.6 ,1130 ,450 
8.104 ,263.5 ,1133 ,450 
8.016 ,263.6 ,1137 ,450 
7.813 ,263.6 ,1130 ,450 
8.489 ,263.7 ,1135 ,450 
8.043 ,263.4 ,1132 ,450 
8.166 ,263.4 ,1136 ,450 
8.479 ,263.4 ,1102 ,455 
7.680 ,263.6 ,1155 ,455 
7.674 ,263.6 ,1220 ,465 
7.614 ,263.7 ,1236 ,465 
7.707 ,263.7 ,1265 ,465 
7.936 ,264.0 ,1289 ,465 
7.585 ,263.6 ,1310 ,470 
7.996 ,263.7 ,1316 ,470 
8.383 ,263.7 ,1320 ,470 
7.997 ,263.6 ,1327 ,470 
8.066 ,263.6 ,1326 ,470 
7.980 ,263.6 ,1346 ,470 
7.929 ,263.8 ,1352 ,470 
7.773 ,263.9 ,1382 ,470 
7.503 ,263.8 ,1393 ,470 
7.554 ,263.9 ,1382 ,470 
7.504 ,263.7 ,1373 ,470 
8.054 ,263.9 ,1372 ,470 
7.924 ,263.8 ,1424 ,470 
8.068 ,263.5 ,1489 ,470 
7.614 ,263.6 ,1533 ,470 
7.637 ,263.6 ,1542 ,470 
7.505 ,263.3 ,1542 ,470 
7.649 ,263.7 ,1520 ,460 
8.397 ,263.5 ,1155 ,460 
8.018 ,263.7 ,1139 ,460 
7.602 ,263.8 ,1133 ,460 
7.945 ,263.8 ,1130 ,460 
8.332 ,263.8 ,1138 ,460 
7.772 ,263.7 ,1144 ,460 
7.750 ,263.7 ,1136 ,460 
7.643 ,263.8 ,1143 ,460 
7.559 ,263.6 ,1135 ,460 
7.642 ,263.8 ,1162 ,460 
7.964 ,263.7 ,1179 ,460 
8.075 ,263.8 ,1163 ,455 
8.042 ,263.8 ,1158 ,455 
7.792 ,263.9 ,1156 ,455 
8.001 ,263.8 ,1162 ,455 
7.748 ,263.7 ,1160 ,455 
7.766 ,263.8 ,1161 ,455 
7.988 ,263.7 ,1163 ,455 
7.717 ,263.7 ,1162 ,455 
8.052 ,263.7 ,1163 ,455 
8.130 ,263.6 ,1157 ,455 
7.648 ,263.7 ,1154 ,455 
7.870 ,263.8 ,1210 ,470 
7.783 ,263.7 ,1220 ,470 
8.075 ,263.6 ,1213 ,470 
7.980 ,263.6 ,1222 ,470 
7.778 ,263.9 ,1228 ,470 
7.743 ,263.7 ,1239 ,470 
7.703 ,263.7 ,1240 ,470 
7.724 ,263.8 ,1214 ,470 
7.934 ,263.8 ,1221 ,470 
8.212 ,263.4 ,1238 ,465 
7.816 ,263.8 ,1238 ,465 
8.271 ,263.8 ,1238 ,465 
8.147 ,263.9 ,1232 ,465 
7.786 ,263.9 ,1239 ,465 
8.052 ,263.7 ,1307 ,465 
7.899 ,263.8 ,1302 ,465 
8.008 ,263.7 ,1300 ,465 
7.679 ,263.8 ,1300 ,465 
7.769 ,263.7 ,1303 ,465 
8.038 ,263.7 ,1300 ,465 
7.677 ,263.5 ,1305 ,465 
8.569 ,263.7 ,1315 ,465 
8.201 ,263.7 ,1289 ,465 
7.948 ,263.7 ,1294 ,465 
7.920 ,263.6 ,1247 ,460 
7.938 ,263.8 ,1258 ,460 
8.111 ,263.7 ,1250 ,460 
8.447 ,263.8 ,1260 ,460 
7.533 ,263.8 ,1262 ,460 
7.554 ,263.8 ,1280 ,460 
8.019 ,263.7 ,1287 ,460 
7.507 ,263.7 ,1290 ,460 
7.798 ,263.7 ,1295 ,460 
8.146 ,263.7 ,1292 ,455 
8.208 ,263.7 ,1298 ,450 
8.011 ,263.6 ,1292 ,450 
7.663 ,263.7 ,1282 ,450 
7.782 ,263.7 ,1295 ,450 
8.347 ,263.7 ,1274 ,450 
8.127 ,263.6 ,1275 ,450 
7.907 ,263.5 ,1303 ,455 
7.728 ,263.7 ,1305 ,460 
7.962 ,263.6 ,1312 ,460 
7.868 ,263.6 ,1320 ,460 
7.548 ,263.6 ,1320 ,460 
7.608 ,263.8 ,1075 ,445 
8.132 ,263.6 ,1084 ,440 
8.014 ,263.7 ,1103 ,440 
8.910 ,263.7 ,1122 ,440 
8.045 ,263.7 ,1130 ,445 
7.894 ,264.0 ,1140 ,445 
7.997 ,264.0 ,1141 ,445 
7.786 ,264.0 ,1142 ,445 
7.920 ,264.0 ,1149 ,445 
8.005 ,263.9 ,1158 ,445 
8.047 ,263.9 ,1155 ,445 
8.334 ,263.9 ,1161 ,445 
8.767 ,264.0 ,1160 ,445 
8.714 ,263.9 ,1153 ,445 
7.829 ,263.9 ,1150 ,450 
7.861 ,263.9 ,1153 ,450 
7.969 ,263.9 ,1158 ,450 
7.973 ,263.8 ,1170 ,450 
7.520 ,263.8 ,1171 ,450 
8.006 ,263.9 ,1180 ,450 
7.913 ,263.8 ,1187 ,450 
7.562 ,263.8 ,1140 ,450 
8.042 ,263.9 ,1190 ,450 
8.709 ,263.8 ,1196 ,450 
7.930 ,263.9 ,1200 ,450 
7.880 ,263.9 ,1202 ,450 
7.682 ,263.8 ,1209 ,450 
8.153 ,264.0 ,1222 ,450 
7.898 ,263.9 ,1142 ,435 
8.018 ,263.8 ,1130 ,435 
7.688 ,263.9 ,1140 ,435 
7.588 ,263.9 ,1139 ,435 
7.845 ,263.9 ,1131 ,435 
8.704 ,263.9 ,1136 ,430 
8.434 ,263.9 ,1129 ,430 
7.866 ,264.0 ,1111 ,430 
8.033 ,264.0 ,1117 ,430 
7.998 ,263.9 ,1108 ,430 
7.894 ,263.8 ,1120 ,425 
7.820 ,263.6 ,1123 ,425 
7.799 ,263.7 ,1154 ,425 
7.682 ,263.7 ,1150 ,425 
7.532 ,263.7 ,1149 ,425 
7.778 ,263.7 ,1138 ,425 
7.697 ,263.8 ,1142 ,420 
7.715 ,263.9 ,1155 ,420 
7.946 ,263.9 ,1172 ,420 
7.963 ,263.7 ,1188 ,420 
8.097 ,263.9 ,1224 ,420 
8.216 ,263.7 ,1237 ,420 
7.944 ,263.6 ,1239 ,420 
7.770 ,263.7 ,1250 ,420 
8.009 ,263.7 ,1255 ,420 
8.470 ,263.6 ,1262 ,420 
8.198 ,263.7 ,1255 ,420 
8.274 ,263.7 ,1269 ,420 
7.987 ,263.6 ,1265 ,420 
7.704 ,263.0 ,1277 ,420 
7.914 ,263.0 ,1280 ,420 
7.531 ,263.5 ,1293 ,420 
8.152 ,263.5 ,1292 ,420 
8.197 ,263.5 ,1300 ,420 
8.286 ,263.5 ,1325 ,420 
7.830 ,263.5 ,1344 ,420 
7.502 ,263.6 ,1344 ,420 
8.035 ,263.6 ,1343 ,420 
7.500 ,263.6 ,1342 ,420 
8.375 ,263.8 ,1356 ,420 
8.354 ,263.8 ,1362 ,420 
7.926 ,263.8 ,1027 ,420 
8.028 ,263.8 ,1015 ,420 
7.900 ,263.8 ,1018 ,420 
7.509 ,263.9 ,1024 ,420 
8.082 ,263.8 ,1036 ,420 
7.625 ,263.8 ,1037 ,420 
7.881 ,263.7 ,1041 ,420 
7.911 ,263.6 ,1041 ,420 
7.654 ,263.8 ,1032 ,420 
8.278 ,263.8 ,1034 ,420 
8.109 ,263.8 ,1036 ,420 
7.788 ,263.8 ,1035 ,420 
8.108 ,263.8 ,1040 ,420 
7.885 ,263.9 ,1049 ,420 
8.030 ,263.7 ,1055 ,420 
8.004 ,263.7 ,998 ,415 
8.250 ,263.7 ,1000 ,415 
7.853 ,263.7 ,1000 ,415 
7.989 ,263.7 ,996 ,415 
7.860 ,263.7 ,992 ,415 
8.363 ,263.6 ,986 ,415 
8.163 ,263.3 ,970 ,415 
7.720 ,263.6 ,982 ,415 
7.832 ,263.6 ,981 ,415 
7.884 ,263.5 ,969 ,415 
7.786 ,263.5 ,975 ,415 
8.192 ,263.5 ,975 ,415 
7.820 ,263.5 ,980 ,415 
8.194 ,263.8 ,965 ,415 
8.188 ,263.6 ,950 ,415 
8.224 ,263.7 ,967 ,415 
7.667 ,261.6 ,963 ,420 
7.661 ,261.6 ,954 ,420 
7.671 ,262.0 ,950 ,415 
7.794 ,262.1 ,945 ,415 
7.902 ,262.1 ,949 ,415 
7.888 ,262.3 ,951 ,415 
7.923 ,259.8 ,730 ,440 
8.024 ,259.9 ,731 ,440 
8.022 ,260.0 ,745 ,440 
7.749 ,260.0 ,759 ,440 
8.044 ,259.8 ,777 ,440 
7.960 ,259.8 ,779 ,440 
8.184 ,259.8 ,777 ,440 
8.049 ,259.8 ,776 ,440 
8.055 ,259.8 ,772 ,440 
8.128 ,259.8 ,772 ,440 
8.302 ,259.8 ,772 ,440 
7.940 ,259.8 ,772 ,440 
7.922 ,260.0 ,768 ,440 
8.509 ,260.0 ,777 ,440 
7.651 ,259.9 ,777 ,440 
7.911 ,259.7 ,788 ,440 
8.405 ,260.0 ,799 ,440 
8.850 ,260.0 ,810 ,445 
7.759 ,260.0 ,807 ,445 
8.004 ,260.0 ,802 ,450 
8.049 ,260.0 ,805 ,450 
8.389 ,260.0 ,813 ,450 
8.340 ,259.8 ,811 ,450 
7.761 ,258.4 ,1142 ,435 
8.124 ,258.6 ,1179 ,440 
7.964 ,258.6 ,1205 ,440 
8.152 ,258.6 ,1205 ,440 
7.810 ,259.8 ,811 ,450 
8.022 ,259.9 ,818 ,450 
8.084 ,260.0 ,816 ,450 
8.346 ,260.1 ,811 ,450 
8.528 ,260.0 ,811 ,450 
7.826 ,260.0 ,801 ,450 
7.708 ,260.0 ,800 ,450 
8.025 ,260.0 ,798 ,450 
7.636 ,260.0 ,799 ,450 
8.194 ,259.7 ,811 ,450 
8.198 ,259.7 ,813 ,450 
8.271 ,259.7 ,815 ,450 
8.600 ,259.7 ,825 ,450 
7.750 ,259.8 ,830 ,450 
7.888 ,259.7 ,831 ,450 
8.008 ,259.8 ,828 ,450 
8.062 ,259.7 ,835 ,450 
7.827 ,259.7 ,841 ,450 
8.115 ,259.9 ,840 ,455 
8.309 ,259.7 ,838 ,455 
7.968 ,259.8 ,834 ,455 
8.213 ,259.8 ,834 ,455 
8.094 ,259.8 ,851 ,450 
7.778 ,259.8 ,848 ,450 
7.952 ,259.8 ,847 ,450 
8.010 ,259.6 ,845 ,450 
7.774 ,259.6 ,850 ,450 
7.734 ,259.2 ,850 ,450 
8.143 ,259.5 ,850 ,450 
8.182 ,259.9 ,855 ,450 
7.702 ,259.7 ,855 ,450 
7.651 ,259.8 ,858 ,450 
7.670 ,259.8 ,860 ,450 
8.160 ,259.7 ,864 ,440 
8.267 ,259.5 ,875 ,440 
7.878 ,259.8 ,877 ,440 
8.775 ,259.7 ,882 ,440 
8.290 ,259.7 ,883 ,440 
8.524 ,259.7 ,887 ,440 
8.354 ,259.7 ,896 ,440 
8.135 ,259.7 ,897 ,440 
7.943 ,259.8 ,878 ,440 
7.947 ,259.7 ,876 ,440 
7.967 ,260.0 ,825 ,435 
8.234 ,260.0 ,827 ,435 
8.110 ,260.4 ,680 ,410 
8.302 ,260.5 ,703 ,410 
8.070 ,260.4 ,720 ,410 
8.438 ,260.5 ,721 ,410 
8.462 ,260.5 ,723 ,410 
8.062 ,260.4 ,724 ,410 
8.017 ,260.5 ,739 ,410 
8.146 ,260.4 ,738 ,410 
8.863 ,260.5 ,740 ,410 
8.507 ,260.5 ,747 ,410 
8.476 ,260.5 ,744 ,415 
8.549 ,260.5 ,749 ,415 
8.225 ,260.5 ,756 ,415 
8.757 ,260.5 ,755 ,415 
8.395 ,260.5 ,758 ,415 
8.972 ,260.5 ,755 ,415 
7.886 ,260.4 ,770 ,430 
8.291 ,260.4 ,760 ,430 
8.177 ,260.8 ,770 ,430 
7.856 ,260.4 ,777 ,430 
8.046 ,260.5 ,785 ,430 
8.019 ,260.5 ,787 ,430 
8.490 ,260.1 ,801 ,430 
8.061 ,260.1 ,801 ,430 
8.182 ,260.1 ,808 ,430 
8.002 ,260.1 ,820 ,430 
7.824 ,260.2 ,821 ,435 
7.677 ,260.3 ,825 ,430 
8.298 ,260.2 ,824 ,430 
8.357 ,260.2 ,826 ,430 
8.293 ,260.2 ,830 ,430 
8.217 ,260.3 ,831 ,430 
7.975 ,260.2 ,833 ,430 
8.168 ,260.2 ,830 ,430 
8.186 ,260.4 ,835 ,430 
7.556 ,260.5 ,835 ,430 
8.299 ,260.5 ,834 ,430 
8.286 ,260.4 ,831 ,430 
8.486 ,260.4 ,832 ,430 
7.966 ,260.4 ,831 ,430 
8.122 ,260.4 ,840 ,430 
7.807 ,260.4 ,847 ,430 
8.262 ,260.4 ,847 ,430 
8.371 ,260.4 ,850 ,430 
8.261 ,260.4 ,859 ,430 
8.196 ,260.3 ,863 ,430 
8.684 ,260.2 ,867 ,430 
8.286 ,260.3 ,983 ,460 
8.057 ,260.4 ,986 ,460 
7.714 ,260.4 ,994 ,460 
8.193 ,260.4 ,994 ,460 
7.843 ,260.4 ,996 ,460 
8.012 ,260.3 ,996 ,460 
7.826 ,260.2 ,997 ,460 
7.746 ,260.3 ,1002 ,460 
7.876 ,260.4 ,1004 ,460 
7.928 ,260.4 ,1001 ,460 
7.772 ,260.2 ,1006 ,460 
8.174 ,260.2 ,1002 ,460 
8.100 ,260.3 ,1004 ,460 
8.310 ,260.4 ,996 ,455 
7.818 ,260.2 ,1000 ,455 
8.219 ,260.4 ,999 ,455 
7.561 ,260.7 ,1003 ,455 
8.235 ,260.5 ,1006 ,455 
8.024 ,260.5 ,1012 ,455 
8.017 ,260.4 ,1018 ,455 
8.092 ,260.4 ,1011 ,455 
7.865 ,260.3 ,1015 ,455 
8.193 ,260.3 ,1013 ,455 
8.236 ,260.4 ,1011 ,455 
7.887 ,260.4 ,1014 ,455 
7.871 ,260.4 ,1014 ,455 
7.707 ,260.4 ,1004 ,455 
7.984 ,260.4 ,1002 ,455 
7.816 ,260.4 ,1001 ,455 
8.160 ,260.4 ,1002 ,455 
8.434 ,260.4 ,1006 ,455 
7.798 ,260.4 ,996 ,455 
7.880 ,260.4 ,996 ,455 
7.882 ,260.4 ,998 ,455 
8.016 ,260.2 ,1005 ,455 
8.045 ,260.2 ,1000 ,455 
7.926 ,260.2 ,1000 ,455 
8.363 ,260.1 ,1012 ,455 
8.292 ,260.2 ,1020 ,455 
8.002 ,260.2 ,1031 ,455 
8.075 ,260.2 ,1032 ,455 
7.743 ,260.2 ,1025 ,455 
7.538 ,260.2 ,1014 ,455 
7.864 ,260.2 ,1000 ,455 
7.857 ,260.0 ,995 ,455 
7.648 ,260.0 ,987 ,455 
7.776 ,260.3 ,980 ,455 
8.486 ,260.3 ,985 ,455 
7.733 ,260.3 ,1032 ,455 
8.521 ,260.3 ,1033 ,455 
8.866 ,260.3 ,1024 ,455 
8.241 ,260.3 ,1032 ,455 
7.548 ,260.3 ,820 ,455 
7.875 ,260.2 ,852 ,465 
8.176 ,260.3 ,870 ,465 
7.630 ,260.3 ,886 ,465 
8.095 ,260.3 ,890 ,465 
7.907 ,260.1 ,918 ,465 
7.948 ,260.3 ,900 ,465 
8.118 ,260.2 ,910 ,465 
8.090 ,260.3 ,916 ,465 
7.829 ,260.5 ,907 ,465 
7.969 ,260.2 ,905 ,470 
7.965 ,260.3 ,903 ,470 
7.845 ,260.5 ,905 ,470 
7.854 ,260.5 ,905 ,470 
7.912 ,260.4 ,906 ,470 
7.633 ,260.4 ,904 ,470 
7.854 ,260.2 ,904 ,470 
8.194 ,260.2 ,910 ,470 
7.797 ,260.3 ,920 ,470 
8.087 ,260.3 ,933 ,470 
7.583 ,260.3 ,926 ,470 
7.535 ,260.4 ,937 ,470 
8.189 ,260.4 ,930 ,470 
8.067 ,260.4 ,926 ,470 
8.247 ,260.4 ,930 ,470 
7.553 ,260.4 ,922 ,470 
7.843 ,260.4 ,926 ,470 
7.872 ,260.3 ,922 ,470 
8.000 ,260.2 ,925 ,470 
7.661 ,260.2 ,922 ,470 
7.601 ,260.5 ,926 ,470 
7.658 ,260.5 ,925 ,470 
8.148 ,260.5 ,916 ,470 
7.895 ,260.4 ,920 ,470 
7.888 ,260.5 ,922 ,470 
7.781 ,260.5 ,923 ,470 
7.838 ,260.4 ,921 ,470 
8.012 ,260.2 ,930 ,470 
7.540 ,260.3 ,933 ,470 
7.500 ,260.3 ,910 ,465 
8.276 ,260.3 ,924 ,460 
7.760 ,260.2 ,935 ,460 
7.997 ,260.0 ,950 ,460 
8.090 ,260.1 ,947 ,460 
7.715 ,260.3 ,949 ,460 
8.070 ,260.2 ,944 ,460 
7.605 ,260.2 ,945 ,460 
7.939 ,260.2 ,932 ,460 
8.096 ,260.2 ,935 ,460 
8.086 ,260.4 ,929 ,460 
8.116 ,260.5 ,922 ,460 
7.925 ,260.3 ,900 ,460 
8.143 ,260.4 ,926 ,460 
7.701 ,260.4 ,924 ,460 
7.814 ,260.2 ,923 ,465 
7.986 ,260.0 ,937 ,465 
7.552 ,260.1 ,930 ,465 
8.114 ,260.2 ,950 ,465 
7.916 ,260.2 ,950 ,465 
7.861 ,260.4 ,965 ,465 
7.946 ,260.4 ,962 ,465 
7.582 ,260.5 ,980 ,465 
7.696 ,260.4 ,944 ,465 
8.748 ,260.4 ,968 ,460 
7.887 ,260.4 ,968 ,460 
7.829 ,260.3 ,980 ,460 
7.598 ,260.3 ,978 ,460 
7.898 ,260.1 ,924 ,455 
7.738 ,260.2 ,939 ,455 
8.481 ,260.0 ,969 ,455 
7.874 ,260.3 ,991 ,470 
7.750 ,260.3 ,1013 ,470 
8.093 ,260.3 ,1020 ,470 
8.089 ,260.4 ,1033 ,470 
7.945 ,260.4 ,1024 ,480 
8.038 ,260.4 ,1080 ,480 
7.973 ,260.4 ,1070 ,480 
8.171 ,260.2 ,1077 ,480 
7.670 ,260.2 ,1054 ,480 
7.650 ,260.1 ,1065 ,480 
7.897 ,260.1 ,1066 ,480 
7.806 ,260.1 ,1059 ,480 
8.337 ,260.1 ,1060 ,480 
7.681 ,260.1 ,1058 ,480 
7.924 ,260.2 ,1086 ,480 
7.569 ,260.2 ,1034 ,480 
7.943 ,260.1 ,1042 ,480 
7.634 ,260.2 ,1030 ,480 
7.830 ,260.3 ,1022 ,480 
8.192 ,260.3 ,1021 ,480 
8.159 ,260.4 ,1035 ,480 
7.609 ,260.4 ,1033 ,480 
7.889 ,260.4 ,1027 ,480 
8.019 ,260.5 ,1037 ,480 
7.919 ,260.4 ,1030 ,480 
7.886 ,260.5 ,1020 ,480 
8.024 ,260.5 ,1017 ,480 
7.975 ,260.5 ,1025 ,480 
8.130 ,260.5 ,1032 ,480 
7.884 ,260.4 ,1018 ,480 
7.625 ,260.4 ,1028 ,475 
8.079 ,260.4 ,1034 ,475 
8.092 ,260.4 ,1049 ,475 
7.583 ,260.4 ,1040 ,475 
8.044 ,260.4 ,1046 ,475 
8.571 ,260.4 ,1052 ,475 
7.841 ,260.1 ,1054 ,475 
8.231 ,260.2 ,1055 ,475 
7.869 ,260.2 ,1055 ,475 
7.776 ,260.0 ,1055 ,475 
8.217 ,260.5 ,1059 ,475 
7.822 ,260.2 ,1075 ,475 
7.892 ,260.2 ,1063 ,475 
8.240 ,260.2 ,1066 ,475 
8.123 ,260.3 ,1067 ,475 
8.367 ,260.2 ,1069 ,475 
7.672 ,260.3 ,1073 ,475 
7.866 ,260.2 ,1064 ,475 
7.662 ,260.2 ,1060 ,475 
8.140 ,260.0 ,1066 ,475 
7.653 ,260.2 ,1070 ,475 
7.644 ,260.2 ,1070 ,475 
7.981 ,260.2 ,1077 ,475 
8.059 ,260.2 ,1080 ,475 
8.096 ,260.2 ,1091 ,475 
8.170 ,260.4 ,1084 ,475 
8.241 ,260.2 ,1082 ,475 
8.085 ,260.2 ,1080 ,475 
7.947 ,260.1 ,1072 ,475 
7.847 ,260.2 ,1072 ,475 
8.383 ,260.2 ,1074 ,475 
8.016 ,260.2 ,1072 ,475 
7.670 ,260.2 ,1079 ,475 
7.960 ,260.1 ,1079 ,475 
7.761 ,260.0 ,1080 ,475 
8.011 ,260.0 ,1082 ,475 
7.892 ,260.2 ,1082 ,475 
7.837 ,260.2 ,1092 ,475 
7.929 ,260.3 ,1085 ,475 
7.747 ,260.2 ,1088 ,475 
8.407 ,260.3 ,1093 ,475 
7.901 ,260.3 ,1095 ,475 
7.764 ,260.1 ,1097 ,475 
8.207 ,260.2 ,1100 ,475 
7.794 ,260.4 ,1104 ,475 
7.714 ,260.2 ,1104 ,475 
8.026 ,260.2 ,1099 ,475 
8.315 ,260.2 ,1145 ,470 
8.405 ,260.1 ,1165 ,470 
8.326 ,260.0 ,1160 ,470 
7.721 ,260.2 ,1178 ,470 
7.858 ,260.3 ,1187 ,470 
7.841 ,260.3 ,1210 ,470 
7.727 ,260.2 ,1191 ,470 
8.576 ,260.3 ,1189 ,470 
7.855 ,260.0 ,1189 ,470 
8.255 ,260.0 ,1189 ,470 
8.512 ,260.0 ,1030 ,450 
8.670 ,260.0 ,1030 ,450 
8.285 ,260.0 ,1134 ,450 
7.982 ,260.0 ,1156 ,460 
8.016 ,260.0 ,1160 ,460 
7.778 ,260.1 ,1164 ,460 
8.361 ,260.2 ,1178 ,460 
7.753 ,260.2 ,1185 ,470 
7.808 ,260.2 ,1200 ,470 
8.042 ,260.1 ,1240 ,475 
7.618 ,260.0 ,1230 ,490 
8.083 ,260.0 ,1255 ,490 
8.375 ,260.0 ,1270 ,490 
7.619 ,260.0 ,1277 ,490 
7.642 ,260.0 ,1283 ,490 
7.696 ,260.1 ,1371 ,495 
7.875 ,260.1 ,1400 ,495 
7.901 ,260.0 ,1410 ,495 
7.533 ,260.0 ,1450 ,495 
7.606 ,260.5 ,1055 ,495 
8.125 ,260.5 ,1062 ,495 
7.826 ,260.5 ,1060 ,495 
7.631 ,260.5 ,1065 ,495 
7.774 ,261.0 ,1089 ,495 
8.204 ,260.8 ,1085 ,495 
7.958 ,260.9 ,1083 ,495 
8.052 ,260.9 ,1079 ,495 
7.816 ,260.9 ,1079 ,495 
7.889 ,261.0 ,1080 ,495 
7.760 ,260.8 ,1078 ,495 
8.082 ,260.8 ,1062 ,495 
7.596 ,261.0 ,1065 ,495 
7.613 ,260.8 ,1080 ,495 
7.603 ,260.7 ,1042 ,490 
7.876 ,260.7 ,1043 ,490 
7.864 ,260.8 ,1043 ,490 
7.988 ,260.8 ,1053 ,490 
7.764 ,260.9 ,1050 ,490 
7.559 ,260.9 ,1065 ,490 
7.731 ,260.8 ,1065 ,490 
7.790 ,260.9 ,1060 ,490 
7.733 ,260.8 ,1057 ,485 
7.786 ,260.8 ,1061 ,485 
7.955 ,260.5 ,1067 ,485 
8.109 ,260.8 ,1072 ,485 
7.962 ,260.8 ,1070 ,480 
7.893 ,261.1 ,1064 ,480 
7.769 ,261.1 ,1068 ,480 
7.900 ,261.0 ,1070 ,480 
7.937 ,261.0 ,1070 ,480 
7.989 ,260.9 ,1067 ,480 
7.587 ,261.0 ,1066 ,480 
7.679 ,261.0 ,1070 ,480 
8.307 ,261.0 ,1071 ,480 
7.861 ,261.0 ,1085 ,480 
7.705 ,261.0 ,1070 ,480 
7.964 ,261.0 ,1114 ,480 
8.163 ,260.9 ,1123 ,480 
7.733 ,261.0 ,1127 ,480 
7.905 ,261.0 ,1128 ,480 
8.199 ,261.0 ,1130 ,480 
7.873 ,261.0 ,1132 ,480 
8.147 ,261.1 ,1120 ,480 
7.709 ,261.0 ,1160 ,480 
8.440 ,261.0 ,1169 ,480 
8.091 ,260.9 ,1173 ,480 
7.905 ,260.9 ,1170 ,480 
8.026 ,261.0 ,1184 ,480 
8.251 ,261.0 ,1210 ,480 
7.793 ,261.0 ,1215 ,480 
7.790 ,261.0 ,1228 ,480 
8.071 ,260.9 ,1241 ,480 
8.271 ,261.0 ,1252 ,480 
8.229 ,261.0 ,1260 ,480 
8.324 ,261.0 ,1271 ,480 
7.920 ,261.0 ,1286 ,480 
7.762 ,261.0 ,1300 ,480 
8.549 ,260.9 ,1323 ,480 
7.582 ,260.9 ,1325 ,480 
7.891 ,260.6 ,1336 ,480 
7.958 ,260.6 ,1570 ,480 
8.118 ,260.5 ,1185 ,485 
7.798 ,260.6 ,1180 ,485 
8.168 ,260.6 ,1175 ,485 
7.701 ,260.5 ,1170 ,485 
7.823 ,260.5 ,1170 ,485 
8.087 ,260.6 ,1141 ,485 
8.329 ,260.3 ,1139 ,485 
8.065 ,260.6 ,1140 ,485 
7.752 ,260.4 ,1170 ,470 
7.778 ,260.6 ,1192 ,470 
7.718 ,260.5 ,1226 ,470 
8.401 ,260.5 ,1233 ,470 
8.117 ,260.5 ,1278 ,475 
7.983 ,260.6 ,1290 ,475 
8.270 ,260.4 ,1300 ,475 
7.863 ,260.0 ,1287 ,495 
8.119 ,260.1 ,1293 ,495 
7.804 ,259.0 ,1221 ,460 
8.368 ,259.4 ,1222 ,465 
8.267 ,259.4 ,1234 ,465 
8.295 ,259.6 ,1243 ,465 
8.069 ,259.4 ,1246 ,465 
8.302 ,259.5 ,1250 ,465 
8.149 ,259.5 ,1248 ,465 
7.916 ,259.5 ,1246 ,465 
8.302 ,259.4 ,1256 ,465 
8.094 ,259.4 ,1250 ,465 
8.136 ,259.5 ,1238 ,465 
8.436 ,259.5 ,1240 ,465 
8.294 ,259.8 ,1254 ,470 
7.832 ,259.3 ,1264 ,470 
8.094 ,259.3 ,1264 ,470 
7.953 ,259.3 ,1248 ,470 
7.941 ,259.3 ,1248 ,470 
8.031 ,259.3 ,1248 ,470 
8.012 ,259.3 ,1240 ,475 
8.156 ,259.3 ,1242 ,475 
7.917 ,259.7 ,1280 ,475 
7.772 ,259.9 ,1292 ,475 
7.570 ,259.9 ,1290 ,475 
7.721 ,259.8 ,1290 ,475 
7.902 ,259.8 ,1225 ,465 
7.648 ,259.6 ,1273 ,465 
7.864 ,259.8 ,1278 ,475 
7.773 ,259.8 ,1280 ,475 
7.834 ,259.8 ,1280 ,475 
7.931 ,259.7 ,1283 ,475 
7.800 ,259.7 ,1278 ,475 
8.093 ,259.7 ,1280 ,475 
7.936 ,259.7 ,1281 ,475 
8.330 ,259.6 ,1280 ,475 
7.656 ,259.7 ,1275 ,475 
7.839 ,259.4 ,1262 ,475 
8.523 ,259.4 ,1265 ,475 
7.826 ,259.8 ,1078 ,435 
7.791 ,259.7 ,1110 ,435 
8.297 ,259.6 ,1130 ,435 
8.381 ,259.7 ,1134 ,435 
8.115 ,259.6 ,1131 ,435 
8.493 ,259.5 ,1156 ,435 
8.023 ,259.6 ,1169 ,455 
7.849 ,259.6 ,1170 ,455 
7.760 ,259.5 ,1176 ,455 
7.712 ,259.5 ,1180 ,455 
8.207 ,259.5 ,1183 ,455 
8.326 ,259.5 ,1183 ,455 
8.312 ,259.5 ,1194 ,455 
7.689 ,259.5 ,1194 ,465 
7.701 ,259.5 ,1199 ,465 
8.010 ,259.7 ,1205 ,465 
8.323 ,259.6 ,1207 ,465 
7.919 ,259.5 ,1210 ,465 
8.592 ,259.5 ,1214 ,465 
8.094 ,259.5 ,1220 ,465 
8.047 ,259.5 ,1222 ,465 
8.335 ,259.6 ,1222 ,465 
7.977 ,259.5 ,1233 ,465 
7.792 ,259.1 ,1241 ,470 
7.967 ,259.1 ,1240 ,470 
7.851 ,259.5 ,1240 ,470 
7.773 ,259.5 ,1240 ,470 
8.016 ,259.6 ,1228 ,470 
7.830 ,259.5 ,1237 ,470 
7.869 ,259.5 ,1234 ,470 
8.089 ,259.5 ,1234 ,470 
7.764 ,259.7 ,1250 ,470 
7.762 ,259.7 ,1267 ,470 
7.878 ,259.6 ,1265 ,470 
7.767 ,259.6 ,1264 ,475 
7.632 ,259.6 ,1277 ,475 
7.797 ,259.5 ,1280 ,475 
7.738 ,259.5 ,1282 ,475 
7.826 ,259.6 ,1277 ,475 
7.906 ,259.5 ,1285 ,475 
7.833 ,259.5 ,1272 ,475 
7.748 ,259.9 ,1277 ,475 
8.300 ,259.9 ,1290 ,475 
7.807 ,259.5 ,1247 ,470 
7.862 ,259.5 ,1248 ,470 
8.057 ,259.5 ,1302 ,470 
7.976 ,259.5 ,1453 ,465 
7.854 ,259.5 ,1478 ,465 
7.896 ,259.5 ,1489 ,465 
7.719 ,259.5 ,1190 ,480 
7.887 ,259.4 ,1214 ,480 
7.997 ,259.4 ,1214 ,480 
7.746 ,259.4 ,1228 ,480 
7.745 ,259.5 ,1222 ,480 
8.408 ,259.5 ,1220 ,480 
7.661 ,259.5 ,1200 ,480 
7.972 ,259.5 ,1210 ,480 
7.535 ,259.5 ,1210 ,480 
7.702 ,259.5 ,1211 ,480 
7.931 ,259.5 ,1220 ,470 
7.793 ,259.5 ,1145 ,450 
8.016 ,259.6 ,1123 ,450 
7.636 ,259.2 ,1165 ,455 
7.879 ,259.4 ,1145 ,455 
7.897 ,259.5 ,1144 ,455 
7.670 ,259.5 ,1148 ,455 
7.997 ,259.5 ,1193 ,455 
8.205 ,259.5 ,1175 ,455 
8.136 ,259.5 ,1165 ,455 
7.618 ,259.5 ,1170 ,455 
7.829 ,259.5 ,1166 ,455 
8.316 ,259.5 ,1155 ,455 
8.396 ,259.5 ,1155 ,455 
8.726 ,265.2 ,1350 ,495 
7.924 ,265.0 ,1375 ,495 
7.620 ,265.1 ,1380 ,495 
7.701 ,266.1 ,1345 ,490 
7.914 ,266.1 ,1348 ,480 
7.706 ,266.2 ,1356 ,480 
8.388 ,266.2 ,1355 ,475 
7.991 ,268.0 ,1320 ,470 
8.125 ,268.0 ,1324 ,470 
7.956 ,268.1 ,1333 ,470 
7.890 ,262.5 ,1272 ,430 
7.995 ,262.3 ,1300 ,430 
7.543 ,262.5 ,1315 ,435 
7.951 ,262.5 ,1345 ,445 
8.018 ,262.5 ,1366 ,445 
7.792 ,262.5 ,1375 ,445 
8.313 ,262.4 ,1382 ,445 
7.816 ,262.5 ,1400 ,445 
8.035 ,262.5 ,1420 ,445 
7.687 ,262.3 ,1440 ,445 
7.912 ,262.3 ,1490 ,450 
7.910 ,262.2 ,1500 ,450 
7.852 ,262.2 ,1541 ,450 
8.525 ,262.1 ,1541 ,450 
8.275 ,262.5 ,1542 ,470 
7.898 ,262.0 ,1537 ,470 
7.834 ,262.2 ,1523 ,470 
7.963 ,262.2 ,1584 ,470 
7.641 ,262.2 ,1574 ,470 
7.714 ,262.5 ,1584 ,470 
7.505 ,262.5 ,1652 ,470 
7.694 ,262.1 ,1115 ,485 
7.672 ,262.2 ,1129 ,490 
7.536 ,262.2 ,1143 ,490 
7.534 ,262.3 ,1144 ,485 
7.818 ,262.3 ,1160 ,485 
7.647 ,262.3 ,1167 ,485 
7.720 ,262.3 ,1168 ,485 
7.863 ,262.3 ,1182 ,480 
7.885 ,262.3 ,1180 ,480 
7.704 ,262.3 ,1183 ,480 
7.891 ,262.2 ,1192 ,480 
7.701 ,262.3 ,1288 ,475 
7.906 ,262.0 ,1195 ,475 
7.733 ,262.2 ,1185 ,475 
7.864 ,262.3 ,1180 ,475 
7.903 ,262.3 ,1175 ,475 
7.718 ,262.3 ,1188 ,475 
7.780 ,262.2 ,1165 ,475 
7.985 ,262.4 ,1138 ,455 
8.075 ,262.2 ,1145 ,455 
8.146 ,262.0 ,1135 ,455 
8.451 ,262.0 ,1134 ,455 
8.255 ,262.0 ,1132 ,455 
7.779 ,262.0 ,1133 ,455 
7.707 ,262.3 ,1132 ,455 
7.753 ,262.0 ,1130 ,455 
7.735 ,262.0 ,1146 ,455 
7.706 ,262.0 ,1150 ,455 
7.706 ,262.3 ,1153 ,455 
8.112 ,262.0 ,1174 ,455 
7.976 ,262.2 ,1172 ,455 
7.948 ,262.2 ,1174 ,455 
7.711 ,262.2 ,1174 ,455 
7.797 ,262.1 ,1175 ,455 
7.722 ,262.1 ,1180 ,455 
7.757 ,262.2 ,1183 ,455 
7.739 ,262.3 ,1173 ,455 
8.014 ,262.3 ,1172 ,455 
7.712 ,262.3 ,1179 ,455 
7.910 ,262.2 ,1181 ,455 
8.132 ,262.2 ,1197 ,455 
7.710 ,262.3 ,1200 ,465 
7.672 ,262.3 ,1210 ,465 
7.667 ,262.2 ,1205 ,465 
7.796 ,262.2 ,1212 ,460 
7.938 ,262.2 ,1229 ,460 
8.038 ,262.0 ,1222 ,460 
8.238 ,259.0 ,1288 ,465 
7.901 ,259.0 ,1294 ,465 
7.869 ,259.0 ,1297 ,465 
7.864 ,259.0 ,1300 ,465 
8.245 ,259.0 ,1293 ,465 
7.829 ,259.0 ,1292 ,465 
8.035 ,259.1 ,1301 ,465 
7.960 ,259.0 ,1303 ,465 
7.806 ,259.1 ,1305 ,465 
7.934 ,259.1 ,1304 ,460 
7.615 ,259.0 ,1304 ,460 
7.845 ,259.0 ,1311 ,465 
7.819 ,259.0 ,1314 ,465 
7.734 ,259.0 ,1312 ,465 
7.963 ,259.0 ,1314 ,465 
7.978 ,259.0 ,1305 ,465 
7.540 ,259.0 ,1302 ,465 
7.796 ,259.0 ,1302 ,460 
7.682 ,259.0 ,1296 ,460 
7.802 ,259.0 ,1300 ,460 
7.644 ,259.0 ,1307 ,470 
7.808 ,259.0 ,1334 ,485 
7.748 ,259.0 ,1340 ,485 
7.785 ,259.0 ,1340 ,485 
7.910 ,262.0 ,1219 ,460 
8.261 ,262.3 ,1223 ,460 
8.094 ,262.3 ,1225 ,460 
7.587 ,262.3 ,1223 ,460 
7.905 ,262.3 ,1249 ,460 
8.031 ,262.2 ,1243 ,460 
7.710 ,262.0 ,1252 ,460 
7.704 ,261.7 ,1270 ,460 
7.710 ,261.6 ,1271 ,460 
7.700 ,261.7 ,1279 ,460 
7.514 ,262.3 ,1284 ,460 
7.714 ,262.2 ,1270 ,460 
7.833 ,262.2 ,1285 ,460 
7.545 ,262.3 ,1293 ,460 
7.895 ,262.3 ,1287 ,460 
7.797 ,262.3 ,1287 ,460 
7.849 ,262.2 ,1277 ,460 
7.862 ,262.3 ,1278 ,460 
7.840 ,262.0 ,1284 ,460 
7.873 ,262.0 ,1297 ,460 
8.039 ,262.0 ,1325 ,470 
7.963 ,262.0 ,1325 ,470 
8.210 ,264.8 ,1336 ,480 
8.043 ,264.8 ,1349 ,480 
7.994 ,264.8 ,1350 ,480 
8.127 ,264.8 ,1356 ,480 
8.388 ,264.8 ,1366 ,480 
7.880 ,264.8 ,1371 ,480 
8.041 ,264.8 ,1376 ,480 
8.251 ,264.7 ,1381 ,480 
7.895 ,264.8 ,1380 ,477 
7.740 ,264.4 ,1212 ,445 
7.819 ,264.1 ,1222 ,445 
7.985 ,264.2 ,1230 ,445 
7.511 ,264.2 ,1220 ,445 
8.642 ,264.2 ,1236 ,445 
8.210 ,264.5 ,1242 ,455 
7.951 ,264.5 ,1262 ,465 
8.208 ,264.3 ,1265 ,465 
7.639 ,264.4 ,1277 ,465 
7.975 ,264.4 ,1280 ,465 
8.119 ,264.4 ,1275 ,465 
8.266 ,264.4 ,1274 ,475 
7.827 ,264.3 ,1275 ,475 
7.769 ,264.4 ,1274 ,475 
7.843 ,264.4 ,1276 ,475 
8.215 ,264.4 ,1290 ,485 
7.679 ,264.4 ,1295 ,485 
7.615 ,264.4 ,1300 ,485 
7.801 ,264.2 ,1304 ,485 
8.016 ,264.2 ,1310 ,485 
7.648 ,264.0 ,1332 ,495 
7.519 ,264.3 ,1333 ,500 
7.750 ,264.5 ,1320 ,500 
7.574 ,264.5 ,1334 ,500 
8.323 ,258.8 ,1261 ,455 
8.138 ,260.7 ,1266 ,460 
7.637 ,260.8 ,1272 ,455 
7.894 ,260.8 ,1293 ,455 
7.992 ,261.0 ,1294 ,455 
8.011 ,260.8 ,1289 ,450 
8.347 ,261.0 ,1300 ,450 
8.036 ,260.7 ,1273 ,450 
7.736 ,260.8 ,1260 ,450 
7.760 ,260.6 ,1260 ,450 
8.223 ,260.6 ,1261 ,450 
7.724 ,261.0 ,1296 ,450 
8.531 ,260.9 ,1295 ,450 
8.038 ,261.0 ,1290 ,450 
7.582 ,261.0 ,1300 ,450 
7.796 ,261.0 ,1294 ,450 
8.000 ,261.0 ,1304 ,450 
8.162 ,261.0 ,1298 ,450 
7.844 ,261.0 ,1300 ,450 
7.770 ,264.5 ,1335 ,500 
7.883 ,264.5 ,1330 ,490 
7.752 ,264.5 ,1333 ,490 
7.696 ,264.6 ,1336 ,490 
7.759 ,264.6 ,1334 ,490 
7.674 ,264.5 ,1350 ,490 
7.561 ,264.6 ,1346 ,490 
7.542 ,264.6 ,1353 ,490 
8.023 ,264.6 ,1350 ,490 
7.892 ,264.5 ,1349 ,490 
7.502 ,262.3 ,1355 ,480 
7.802 ,262.2 ,1353 ,475 
8.259 ,262.3 ,1359 ,475 
7.613 ,262.4 ,1360 ,475 
7.660 ,262.8 ,1378 ,475 
7.637 ,262.7 ,1394 ,480 
7.566 ,262.7 ,1392 ,480 
7.660 ,262.8 ,1386 ,480 
7.512 ,262.6 ,1400 ,480 
7.605 ,262.7 ,1411 ,480 
8.087 ,262.7 ,1409 ,480 
7.764 ,262.5 ,1404 ,480 
7.597 ,262.6 ,1407 ,480 
8.235 ,264.9 ,1354 ,480 
7.994 ,265.0 ,1352 ,480 
8.475 ,265.0 ,1354 ,480 
8.427 ,265.0 ,1352 ,480 
8.757 ,264.9 ,1360 ,480 
8.734 ,265.0 ,1364 ,475 
8.461 ,264.9 ,1367 ,475 
7.831 ,265.8 ,1347 ,480 
8.039 ,265.9 ,1345 ,480 
7.851 ,262.7 ,1277 ,455 
8.089 ,262.8 ,1340 ,460 
8.535 ,262.8 ,1357 ,460 
8.604 ,262.8 ,1363 ,460 
7.984 ,262.8 ,1370 ,470 
7.616 ,262.8 ,1387 ,470 
7.737 ,262.8 ,1395 ,470 
8.032 ,262.8 ,1397 ,470 
7.520 ,262.8 ,1394 ,475 
7.799 ,262.7 ,1400 ,475 
7.807 ,262.7 ,1401 ,475 
7.815 ,262.5 ,1408 ,475 
7.826 ,262.5 ,1400 ,480 
7.705 ,261.5 ,1434 ,485 
7.773 ,261.5 ,1370 ,470 
7.696 ,261.6 ,1380 ,470 
7.972 ,261.6 ,1380 ,470 
7.530 ,261.5 ,1384 ,470 
8.198 ,261.5 ,1384 ,445 
8.054 ,261.4 ,1391 ,445 
7.740 ,261.4 ,1390 ,445 
8.076 ,261.5 ,1391 ,445 
7.704 ,261.5 ,1405 ,445 
7.777 ,261.2 ,1390 ,445 
7.870 ,261.6 ,1288 ,440 
7.638 ,261.6 ,1279 ,440 
7.694 ,261.7 ,1294 ,440 
7.818 ,261.7 ,1289 ,440 
7.858 ,261.7 ,1277 ,440 
7.588 ,261.7 ,1278 ,440 
7.821 ,261.6 ,1273 ,440 
7.672 ,261.6 ,1292 ,440 
7.903 ,261.7 ,1293 ,440 
7.684 ,261.7 ,1290 ,440 
8.074 ,261.7 ,1307 ,440 
7.779 ,261.7 ,1312 ,440 
7.738 ,261.6 ,1254 ,440 
7.884 ,261.6 ,1262 ,430 
7.977 ,261.6 ,1270 ,430 
8.295 ,261.6 ,1274 ,430 
7.825 ,261.6 ,1286 ,435 
8.213 ,261.6 ,1288 ,435 
7.636 ,261.7 ,1287 ,435 
7.586 ,261.6 ,1300 ,435 
7.706 ,261.6 ,1286 ,435 
7.713 ,261.7 ,1285 ,435 
7.646 ,261.8 ,1287 ,430 
7.602 ,261.5 ,1292 ,430 
8.474 ,261.7 ,1300 ,430 
8.172 ,261.5 ,1300 ,430 
8.033 ,261.5 ,1300 ,430 
7.974 ,261.4 ,1269 ,440 
7.557 ,261.5 ,1267 ,440 
8.000 ,261.8 ,1277 ,440 
7.920 ,261.8 ,1278 ,440 
7.672 ,261.5 ,1287 ,440 
7.525 ,261.5 ,1288 ,440 
7.566 ,261.4 ,1278 ,440 
7.757 ,261.7 ,1292 ,440 
7.595 ,261.6 ,1287 ,440 
7.799 ,261.6 ,1300 ,440 
7.986 ,261.6 ,1310 ,435 
7.923 ,261.6 ,1325 ,435 
7.691 ,261.5 ,1340 ,435 
7.626 ,261.7 ,1333 ,435 
8.122 ,261.7 ,1340 ,435 
7.681 ,254.0 ,1345 ,460 
8.223 ,254.0 ,1360 ,460 
8.150 ,254.0 ,1355 ,465 
7.812 ,253.8 ,1380 ,465 
7.672 ,253.7 ,1381 ,465 
7.958 ,253.8 ,1377 ,465 
7.703 ,253.8 ,1378 ,465 
8.177 ,253.9 ,1388 ,460 
7.626 ,253.8 ,1377 ,460 
8.039 ,254.8 ,1352 ,480 
8.382 ,254.8 ,1350 ,480 
8.296 ,254.8 ,1355 ,480 
7.733 ,254.9 ,1344 ,480 
7.818 ,254.8 ,1342 ,480 
7.900 ,254.8 ,1349 ,480 
8.040 ,254.8 ,1341 ,480 
7.738 ,254.8 ,1340 ,480 
7.882 ,260.4 ,1273 ,400 
8.001 ,258.2 ,1322 ,410 
7.835 ,258.2 ,1335 ,410 
8.913 ,258.3 ,1350 ,410 
7.799 ,258.3 ,1351 ,415 
7.804 ,258.3 ,1347 ,415 
7.557 ,260.3 ,1191 ,410 
7.895 ,260.3 ,1190 ,410 
7.663 ,260.2 ,1205 ,415 
8.343 ,260.4 ,1220 ,415 
7.892 ,260.3 ,1232 ,415 
8.054 ,260.4 ,1235 ,415 
7.719 ,260.4 ,1254 ,415 
7.935 ,260.4 ,1262 ,415 
7.922 ,260.4 ,1262 ,425 
7.606 ,260.3 ,1261 ,425 
7.693 ,260.3 ,1265 ,425 
8.031 ,259.8 ,1249 ,400 
7.545 ,260.0 ,1255 ,400 
7.944 ,260.0 ,1252 ,400 
7.612 ,259.8 ,1242 ,400 
7.640 ,259.8 ,1242 ,400 
8.068 ,259.6 ,1255 ,400 
8.149 ,259.9 ,1260 ,400 
7.690 ,259.7 ,1265 ,400 
7.686 ,259.8 ,1252 ,400 
7.911 ,259.7 ,1260 ,400 
7.664 ,259.6 ,1300 ,400 
7.974 ,259.7 ,1303 ,400 
7.724 ,259.7 ,1304 ,400 
7.660 ,259.8 ,1429 ,430 
7.589 ,259.8 ,1430 ,430 
7.747 ,259.6 ,1440 ,430 
7.841 ,259.6 ,1450 ,430 
8.134 ,259.5 ,1441 ,430 
7.686 ,259.6 ,1454 ,430 
7.616 ,259.6 ,1450 ,430 
7.716 ,259.6 ,1464 ,430 
7.883 ,259.6 ,1442 ,430 
7.951 ,259.6 ,1440 ,430 
7.877 ,259.5 ,1442 ,430 
7.859 ,259.5 ,1447 ,430 
7.609 ,259.7 ,1455 ,430 
7.727 ,259.7 ,1450 ,430 
7.988 ,259.6 ,1469 ,430 
7.878 ,259.7 ,1474 ,430 
7.803 ,259.7 ,1474 ,430 
7.627 ,260.0 ,1451 ,430 
7.797 ,260.0 ,1455 ,430 
7.600 ,259.3 ,1452 ,430 
7.504 ,259.4 ,1445 ,430 
8.075 ,259.4 ,1450 ,430 
7.582 ,260.0 ,1277 ,400 
7.523 ,261.1 ,1315 ,400 
7.608 ,261.2 ,1339 ,400 
7.695 ,261.2 ,1209 ,410 
7.868 ,261.2 ,1213 ,410 
7.999 ,261.0 ,1220 ,410 
8.123 ,261.2 ,1230 ,410 
8.124 ,261.2 ,1250 ,410 
8.163 ,261.2 ,1270 ,410 
7.946 ,261.2 ,1283 ,420 
7.886 ,261.1 ,1283 ,420 
7.989 ,261.0 ,1292 ,420 
8.355 ,261.0 ,1291 ,420 
8.030 ,261.0 ,1293 ,420 
7.581 ,261.2 ,1300 ,425 
8.276 ,261.0 ,1298 ,425 
8.167 ,261.1 ,1300 ,425 
8.236 ,261.0 ,1350 ,435 
7.748 ,261.0 ,1360 ,435 
7.764 ,261.2 ,1370 ,440 
7.848 ,261.2 ,1350 ,440 
7.688 ,261.1 ,1370 ,440 
7.776 ,261.0 ,1370 ,440 
8.025 ,261.2 ,1375 ,440 
7.719 ,261.4 ,1371 ,440 
7.748 ,261.2 ,1373 ,440 
8.011 ,261.2 ,1370 ,440 
8.104 ,261.2 ,1373 ,440 
8.037 ,261.0 ,1374 ,440 
8.001 ,260.9 ,1378 ,440 
7.580 ,261.0 ,1381 ,440 
7.763 ,261.0 ,1384 ,440 
7.527 ,261.0 ,1388 ,440 
7.769 ,261.2 ,1388 ,440 
7.561 ,261.4 ,1394 ,440 
7.938 ,261.5 ,1390 ,440 
8.076 ,261.4 ,1385 ,440 
7.610 ,261.2 ,1394 ,440 
7.859 ,261.2 ,1390 ,440 
7.854 ,261.0 ,1397 ,440 
7.983 ,261.0 ,1385 ,440 
7.830 ,261.0 ,1387 ,440 
7.842 ,261.4 ,1387 ,440 
8.047 ,261.5 ,1405 ,440 
7.760 ,261.2 ,1406 ,440 
8.227 ,261.4 ,1405 ,440 
7.594 ,261.2 ,1410 ,440 
7.996 ,261.2 ,1418 ,440 
7.766 ,261.2 ,1430 ,440 
7.959 ,261.4 ,1433 ,440 
8.029 ,261.4 ,1436 ,440 
7.754 ,261.4 ,1442 ,440 
7.662 ,261.4 ,1460 ,440 
7.848 ,261.3 ,1472 ,440 
7.669 ,261.2 ,1485 ,440 
8.065 ,261.4 ,1492 ,445 
7.536 ,261.2 ,1495 ,445 
7.809 ,261.5 ,1485 ,445 
7.989 ,261.6 ,1487 ,445 
7.731 ,261.5 ,1455 ,445 
7.896 ,261.5 ,1456 ,445 
7.970 ,261.5 ,1405 ,445 
7.694 ,261.6 ,1377 ,445 
8.157 ,261.6 ,1338 ,445 
8.199 ,261.6 ,1347 ,445 
7.663 ,261.6 ,1320 ,445 
7.905 ,265.4 ,1125 ,460 
7.978 ,265.4 ,1120 ,460 
8.395 ,265.6 ,1143 ,460 
7.644 ,265.4 ,1139 ,460 
7.670 ,265.4 ,1137 ,460 
7.916 ,265.4 ,1146 ,460 
7.970 ,265.4 ,1143 ,460 
7.828 ,265.5 ,1147 ,460 
7.555 ,265.5 ,1137 ,460 
7.726 ,265.6 ,1144 ,460 
7.932 ,265.5 ,1164 ,460 
8.152 ,265.5 ,1156 ,460 
8.086 ,265.5 ,1134 ,460 
7.914 ,265.5 ,1134 ,460 
7.571 ,265.5 ,1136 ,460 
7.785 ,265.4 ,1137 ,460 
8.047 ,265.4 ,1135 ,460 
8.359 ,259.8 ,1370 ,470 
7.650 ,260.0 ,1377 ,470 
8.366 ,260.0 ,1378 ,470 
7.724 ,260.0 ,1380 ,470 
7.760 ,260.0 ,1381 ,470 
8.558 ,260.0 ,1384 ,470 
7.846 ,259.9 ,1304 ,455 
8.167 ,260.0 ,1305 ,455 
8.042 ,260.0 ,1300 ,455 
7.885 ,259.8 ,1304 ,455 
8.434 ,259.8 ,1300 ,455 
8.014 ,259.7 ,1308 ,455 
7.875 ,259.7 ,1313 ,455 
7.614 ,259.7 ,1312 ,455 
8.600 ,259.7 ,1310 ,455 
7.750 ,259.8 ,1304 ,455 
7.736 ,259.8 ,1313 ,455 
7.620 ,259.8 ,1330 ,455 
7.689 ,260.0 ,1326 ,455 
7.645 ,260.0 ,1333 ,455 
7.882 ,259.9 ,1340 ,455 
8.283 ,260.0 ,1332 ,455 
7.859 ,260.0 ,1333 ,455 
8.244 ,260.0 ,1333 ,455 
7.581 ,260.0 ,1333 ,455 
7.514 ,260.0 ,1330 ,455 
7.616 ,260.0 ,1333 ,455 
8.432 ,260.0 ,1335 ,455 
7.547 ,261.2 ,995 ,425 
7.702 ,261.5 ,995 ,435 
7.835 ,261.2 ,996 ,435 
8.154 ,261.2 ,997 ,435 
7.854 ,261.5 ,998 ,435 
8.019 ,261.4 ,954 ,435 
7.803 ,261.4 ,960 ,435 
8.157 ,261.4 ,960 ,435 
7.824 ,261.4 ,960 ,435 
8.128 ,261.6 ,1005 ,435 
7.831 ,261.6 ,1010 ,440 
7.843 ,261.6 ,1020 ,440 
8.358 ,261.6 ,1015 ,440 
7.725 ,261.6 ,1005 ,440 
7.846 ,261.6 ,1006 ,445 
8.142 ,261.8 ,1023 ,445 
7.861 ,261.7 ,1020 ,445 
8.162 ,261.8 ,1030 ,445 
7.686 ,261.8 ,1030 ,445 
7.944 ,261.7 ,1103 ,450 
7.854 ,261.7 ,1080 ,450 
7.615 ,261.4 ,1060 ,450 
7.889 ,261.5 ,1075 ,450 
8.068 ,261.4 ,1071 ,445 
7.784 ,261.4 ,1071 ,445 
7.589 ,261.5 ,1070 ,445 
7.999 ,261.6 ,1056 ,445 
7.500 ,261.6 ,1057 ,445 
7.708 ,261.6 ,1140 ,445 
7.567 ,261.6 ,1150 ,445 
7.710 ,261.6 ,1150 ,445 
7.874 ,261.6 ,1151 ,445 
7.578 ,261.6 ,960 ,410 
7.593 ,261.6 ,958 ,410 
7.638 ,261.6 ,962 ,410 
7.566 ,260.9 ,967 ,410 
7.825 ,260.9 ,980 ,410 
8.118 ,261.0 ,986 ,410 
7.761 ,261.0 ,990 ,420 
7.663 ,261.0 ,943 ,430 
7.674 ,260.7 ,955 ,430 
7.873 ,261.5 ,969 ,430 
7.852 ,261.6 ,976 ,430 
7.889 ,261.4 ,983 ,430 
8.390 ,261.3 ,987 ,430 
7.843 ,261.3 ,991 ,430 
8.090 ,261.5 ,997 ,435 
7.632 ,261.7 ,1000 ,435 
7.691 ,261.7 ,1000 ,435 
8.276 ,261.6 ,1006 ,435 
7.779 ,261.7 ,1024 ,450 
7.941 ,261.7 ,1023 ,450 
7.635 ,261.7 ,1022 ,450 
7.500 ,261.5 ,1015 ,450 
7.734 ,261.5 ,1007 ,450 
7.668 ,261.4 ,1010 ,445 
7.604 ,261.2 ,1004 ,445 
7.671 ,261.4 ,1001 ,445 
7.528 ,261.4 ,1002 ,445 
8.226 ,261.5 ,987 ,440 
7.908 ,261.5 ,1005 ,440 
7.569 ,261.5 ,1005 ,440 
7.512 ,261.5 ,1010 ,440 
8.059 ,261.5 ,1011 ,440 
7.828 ,261.3 ,1012 ,440 
7.722 ,261.4 ,1000 ,440 
8.099 ,261.4 ,1010 ,440 
7.565 ,261.3 ,1007 ,440 
7.552 ,261.3 ,1004 ,435 
8.034 ,261.5 ,1005 ,435 
7.648 ,261.5 ,997 ,435 
7.875 ,261.5 ,980 ,435 
7.734 ,261.5 ,978 ,435 
8.045 ,261.6 ,971 ,435 
8.109 ,261.6 ,960 ,435 
8.004 ,261.7 ,980 ,435 
7.961 ,261.7 ,919 ,435 
7.950 ,261.6 ,940 ,450 
7.584 ,261.6 ,960 ,450 
7.875 ,261.5 ,965 ,450 
7.795 ,261.5 ,967 ,445 
7.814 ,261.4 ,955 ,445 
7.781 ,261.4 ,956 ,445 
7.701 ,261.4 ,948 ,445 
7.943 ,261.4 ,945 ,445 
7.873 ,261.5 ,945 ,445 
8.034 ,261.5 ,945 ,445 
8.346 ,261.5 ,937 ,445 
7.644 ,261.5 ,939 ,445 
7.750 ,261.5 ,940 ,445 
8.252 ,261.5 ,940 ,445 
7.849 ,261.5 ,942 ,445 
8.610 ,261.5 ,938 ,445 
7.500 ,261.5 ,940 ,445 
8.268 ,261.5 ,920 ,440 
7.680 ,261.5 ,921 ,440 
8.220 ,258.4 ,1060 ,425 
8.036 ,258.4 ,1090 ,440 
8.302 ,258.7 ,1087 ,440 
8.170 ,260.0 ,1102 ,460 
7.691 ,260.6 ,1111 ,460 
7.638 ,260.6 ,1118 ,460 
7.647 ,260.7 ,1115 ,460 
7.635 ,260.9 ,1120 ,465 
8.168 ,261.0 ,1125 ,465 
7.932 ,261.0 ,1120 ,465 
8.274 ,261.0 ,1123 ,465 
7.824 ,261.0 ,1123 ,465 
7.561 ,260.7 ,1120 ,485 
8.535 ,261.0 ,1122 ,480 
7.653 ,261.0 ,1125 ,480 
7.783 ,260.8 ,1115 ,480 
7.840 ,260.8 ,1121 ,480 
7.913 ,260.9 ,1123 ,480 
7.852 ,260.8 ,1130 ,475 
7.613 ,260.8 ,1131 ,475 
7.954 ,260.8 ,1136 ,475 
7.881 ,260.9 ,1140 ,475 
8.032 ,260.9 ,1170 ,475 
7.845 ,261.0 ,1143 ,480 
8.196 ,261.0 ,1149 ,480 
7.636 ,261.0 ,1150 ,480 
7.621 ,261.0 ,1149 ,480 
7.891 ,260.9 ,1150 ,480 
7.760 ,261.0 ,1148 ,480 
7.956 ,261.0 ,1152 ,480 
7.977 ,261.0 ,1150 ,480 
7.604 ,261.0 ,1156 ,480 
7.842 ,261.0 ,1150 ,495 
7.720 ,261.0 ,1155 ,495 
7.561 ,261.0 ,1160 ,495 
7.592 ,261.0 ,1161 ,495 
7.539 ,260.7 ,1174 ,495 
7.627 ,260.8 ,1178 ,495 
8.036 ,260.8 ,1180 ,490 
7.780 ,260.7 ,1184 ,490 
7.909 ,260.6 ,1190 ,490 
7.849 ,260.7 ,1190 ,490 
7.624 ,260.7 ,1191 ,490 
7.687 ,260.6 ,1192 ,485 
7.769 ,260.6 ,1194 ,480 
7.839 ,260.6 ,1195 ,480 
7.795 ,260.6 ,1195 ,480 
7.842 ,260.6 ,1195 ,480 
8.196 ,260.6 ,1195 ,480 
7.771 ,260.6 ,1197 ,480 
7.889 ,260.6 ,1200 ,480 
7.750 ,260.5 ,1201 ,480 
7.870 ,260.5 ,1201 ,480 
8.035 ,260.3 ,1203 ,480 
7.837 ,260.6 ,1204 ,480 
7.721 ,260.6 ,1205 ,480 
8.278 ,260.7 ,1247 ,490 
7.816 ,260.7 ,1246 ,490 
8.108 ,260.7 ,1247 ,490 
7.900 ,260.7 ,1253 ,485 
7.889 ,260.8 ,1246 ,485 
8.197 ,260.8 ,1259 ,485 
7.851 ,260.6 ,1266 ,485 
7.705 ,260.6 ,1276 ,485 
7.710 ,260.6 ,1276 ,485 
8.397 ,260.6 ,1290 ,490 
7.668 ,260.6 ,1290 ,490 
7.729 ,260.7 ,1292 ,490 
7.999 ,260.7 ,1295 ,490 
7.879 ,260.7 ,1294 ,490 
7.665 ,263.3 ,925 ,425 
7.613 ,263.4 ,936 ,430 
7.663 ,263.4 ,920 ,425 
7.783 ,265.5 ,950 ,425 
8.035 ,265.3 ,955 ,425 
8.088 ,265.3 ,953 ,425 
7.839 ,265.2 ,960 ,425 
8.121 ,265.6 ,968 ,425 
8.094 ,265.3 ,975 ,425 
7.913 ,265.3 ,976 ,430 
8.069 ,265.3 ,958 ,430 
8.405 ,265.3 ,970 ,430 
8.052 ,265.3 ,978 ,435 
8.115 ,265.3 ,985 ,455 
7.681 ,265.3 ,988 ,455 
7.859 ,265.4 ,994 ,460 
7.710 ,265.4 ,1000 ,460 
8.049 ,265.4 ,1004 ,460 
8.020 ,265.2 ,1009 ,460 
8.096 ,265.2 ,1009 ,460 
8.137 ,265.2 ,1005 ,460 
8.101 ,265.2 ,1004 ,460 
8.062 ,265.3 ,1011 ,465 
8.139 ,265.4 ,1012 ,465 
8.911 ,265.3 ,1016 ,465 
8.009 ,265.4 ,1020 ,465 
7.955 ,265.2 ,1012 ,465 
8.162 ,265.4 ,1014 ,465 
8.454 ,265.4 ,1017 ,465 
8.064 ,265.3 ,1021 ,465 
7.926 ,265.4 ,1027 ,465 
7.718 ,265.4 ,1028 ,465 
8.097 ,265.5 ,1028 ,465 
7.857 ,265.5 ,1025 ,465 
8.107 ,265.2 ,1025 ,465 
8.129 ,265.2 ,1034 ,465 
8.232 ,265.2 ,1035 ,465 
8.350 ,265.2 ,1054 ,465 
8.274 ,265.3 ,1053 ,465 
8.171 ,265.3 ,1056 ,465 
8.212 ,265.5 ,1077 ,475 
7.698 ,265.3 ,1072 ,475 
7.852 ,265.3 ,1070 ,475 
7.604 ,265.3 ,1075 ,475 
7.927 ,265.3 ,1072 ,475 
7.529 ,265.3 ,1074 ,475 
7.727 ,265.3 ,1100 ,475 
7.672 ,265.3 ,1106 ,465 
7.802 ,265.5 ,1120 ,465 
8.085 ,265.3 ,1170 ,465 
7.948 ,265.2 ,1185 ,465 
8.093 ,265.2 ,1185 ,465 
8.157 ,265.2 ,1200 ,465 
7.885 ,265.2 ,1210 ,465 
7.533 ,265.2 ,1210 ,465 
7.986 ,265.3 ,1253 ,480 
7.948 ,265.3 ,1254 ,480 
8.066 ,265.3 ,1263 ,480 
7.890 ,265.6 ,1294 ,480 
8.022 ,265.4 ,1304 ,480 
7.781 ,265.5 ,1304 ,480 
7.852 ,265.5 ,1308 ,480 
7.781 ,265.6 ,1320 ,480 
7.641 ,265.6 ,1120 ,485 
7.761 ,265.6 ,1080 ,475 
7.729 ,265.7 ,1083 ,475 
7.621 ,265.6 ,1079 ,475 
7.671 ,265.4 ,1074 ,475 
8.250 ,265.4 ,1075 ,475 
7.575 ,265.4 ,1080 ,475 
8.580 ,259.3 ,1264 ,495 
8.149 ,259.2 ,1302 ,495 
7.709 ,259.1 ,1307 ,495 
8.268 ,259.1 ,1293 ,495 
8.191 ,259.2 ,1277 ,495 
7.805 ,259.3 ,1267 ,495 
7.673 ,259.5 ,1265 ,495 
8.137 ,259.6 ,1280 ,495 
7.705 ,259.5 ,1272 ,495 
8.404 ,259.5 ,1270 ,495 
8.020 ,259.5 ,1265 ,495 
7.840 ,259.4 ,1295 ,495 
8.268 ,259.3 ,1305 ,495 
7.940 ,259.3 ,1314 ,495 
8.473 ,259.4 ,1300 ,495 
8.297 ,259.3 ,1306 ,495 
8.009 ,259.2 ,1322 ,495 
8.220 ,259.2 ,1311 ,495 
8.160 ,259.5 ,1318 ,495 
8.136 ,259.5 ,1319 ,495 
8.243 ,259.3 ,1325 ,495 
8.475 ,259.4 ,1331 ,495 
7.895 ,259.4 ,1250 ,495 
7.915 ,265.6 ,1098 ,470 
8.259 ,265.5 ,1088 ,470 
8.095 ,265.5 ,1095 ,470 
8.090 ,265.6 ,1080 ,470 
7.561 ,265.5 ,1085 ,470 
7.584 ,265.5 ,1088 ,470 
8.132 ,265.5 ,1090 ,470 
7.692 ,265.0 ,1100 ,470 
7.876 ,265.6 ,1115 ,475 
7.535 ,265.5 ,1115 ,475 
7.676 ,265.4 ,1100 ,475 
7.642 ,265.5 ,1108 ,475 
7.816 ,265.5 ,1105 ,475 
8.038 ,265.5 ,1098 ,475 
7.849 ,265.4 ,1093 ,475 
7.778 ,265.3 ,1100 ,475 
8.106 ,265.3 ,1100 ,475 
7.571 ,265.3 ,1097 ,475 
7.915 ,265.2 ,1017 ,470 
8.155 ,265.3 ,1025 ,470 
7.518 ,265.2 ,1028 ,470 
7.841 ,265.1 ,1032 ,470 
7.917 ,265.2 ,1032 ,470 
7.613 ,265.4 ,1059 ,470 
7.681 ,265.4 ,1065 ,470 
8.137 ,265.4 ,1065 ,470 
7.646 ,265.5 ,1053 ,470 
7.831 ,265.5 ,1053 ,470 
7.740 ,265.6 ,1052 ,470 
7.611 ,265.5 ,1055 ,470 
8.287 ,265.6 ,1054 ,470 
8.062 ,265.6 ,1055 ,465 
8.122 ,265.6 ,1055 ,465 
8.493 ,265.7 ,1045 ,465 
8.609 ,265.4 ,1050 ,465 
8.065 ,265.5 ,1052 ,465 
7.577 ,265.5 ,1045 ,470 
7.532 ,265.7 ,1049 ,470 
7.674 ,265.7 ,1053 ,470 
7.666 ,265.6 ,1067 ,470 
7.672 ,265.5 ,1072 ,470 
8.087 ,265.6 ,1070 ,470 
7.544 ,265.3 ,1082 ,470 
7.606 ,265.2 ,1085 ,470 
7.684 ,265.2 ,1089 ,470 
7.958 ,265.3 ,1089 ,470 
7.833 ,265.3 ,1095 ,470 
7.927 ,265.1 ,1089 ,470 
7.821 ,265.2 ,1094 ,470 
7.776 ,265.2 ,1092 ,470 
8.173 ,265.2 ,1092 ,470 
7.540 ,265.3 ,1096 ,470 
7.777 ,265.4 ,1100 ,470 
7.827 ,265.4 ,1103 ,470 
7.842 ,265.4 ,1105 ,470 
7.940 ,265.4 ,1105 ,470 
8.063 ,265.4 ,1114 ,470 
7.628 ,265.4 ,1150 ,470 
7.768 ,265.4 ,1155 ,470 
7.754 ,265.4 ,1154 ,470 
7.645 ,265.3 ,1150 ,470 
7.824 ,265.4 ,1159 ,470 
7.928 ,264.6 ,1204 ,470 
8.030 ,265.3 ,1250 ,470 
7.800 ,265.3 ,1228 ,470 
7.897 ,265.3 ,1245 ,470 
7.941 ,265.4 ,1250 ,470 
7.788 ,265.4 ,1252 ,470 
7.728 ,265.4 ,1250 ,470 
8.250 ,265.3 ,1084 ,490 
7.660 ,265.5 ,1086 ,490 
7.889 ,265.5 ,1087 ,490 
7.620 ,265.3 ,1082 ,485 
7.556 ,265.2 ,1085 ,485 
7.725 ,265.3 ,1084 ,485 
7.861 ,265.4 ,1087 ,485 
7.557 ,265.6 ,1087 ,485 
7.520 ,265.8 ,1088 ,485 
7.723 ,265.8 ,1090 ,485 
7.826 ,265.8 ,1094 ,485 
8.152 ,265.8 ,1097 ,485 
7.668 ,265.5 ,1090 ,485 
7.894 ,265.5 ,1092 ,485 
7.794 ,265.5 ,1093 ,485 
7.945 ,265.5 ,1093 ,480 
7.826 ,265.6 ,1094 ,480 
8.345 ,265.3 ,1083 ,480 
7.766 ,265.4 ,1084 ,480 
7.677 ,265.4 ,1087 ,480 
8.011 ,265.4 ,1088 ,490 
7.765 ,265.4 ,1098 ,490 
7.873 ,265.7 ,1091 ,480 
7.969 ,265.4 ,1080 ,480 
7.913 ,265.4 ,1087 ,480 
7.862 ,265.4 ,1079 ,480 
7.826 ,265.5 ,1077 ,480 
7.849 ,265.5 ,1087 ,480 
7.847 ,265.4 ,1082 ,480 
7.958 ,265.4 ,1082 ,480 
7.878 ,265.4 ,1080 ,480 
7.841 ,258.7 ,1324 ,450 
8.370 ,258.8 ,1337 ,450 
7.699 ,258.8 ,1340 ,450 
7.773 ,258.9 ,1338 ,450 
7.576 ,258.7 ,1336 ,445 
7.800 ,258.7 ,1340 ,445 
8.081 ,258.8 ,1319 ,445 
8.267 ,258.6 ,1304 ,445 
8.349 ,258.6 ,1310 ,445 
7.521 ,264.8 ,1070 ,470 
7.963 ,264.8 ,1058 ,470 
7.671 ,264.8 ,1055 ,465 
8.427 ,264.8 ,1056 ,465 
7.560 ,264.8 ,1058 ,465 
7.843 ,264.6 ,1086 ,465 
8.254 ,264.6 ,1084 ,465 
7.837 ,264.6 ,1085 ,465 
8.055 ,264.9 ,1083 ,465 
8.215 ,264.9 ,1086 ,465 
7.590 ,264.7 ,1084 ,465 
8.073 ,264.7 ,1087 ,465 
7.900 ,264.7 ,1090 ,465 
7.725 ,264.6 ,1084 ,470 
7.851 ,265.0 ,1089 ,470 
7.732 ,265.0 ,1080 ,470 
7.614 ,264.7 ,1086 ,470 
7.666 ,264.8 ,1089 ,470 
7.674 ,264.7 ,1092 ,470 
8.019 ,264.9 ,1099 ,470 
7.586 ,264.9 ,1096 ,470 
7.951 ,264.7 ,1100 ,470 
7.554 ,264.7 ,1105 ,470 
7.742 ,264.7 ,1110 ,470 
8.570 ,264.7 ,1117 ,470 
7.818 ,264.7 ,1113 ,470 
7.812 ,264.7 ,1111 ,470 
7.627 ,264.5 ,1115 ,470 
7.640 ,264.6 ,1120 ,470 
7.579 ,264.7 ,1127 ,470 
7.927 ,264.7 ,1120 ,470 
7.950 ,264.7 ,1121 ,475 
7.861 ,264.7 ,1120 ,475 
8.048 ,264.7 ,1125 ,475 
7.805 ,264.7 ,1125 ,475 
7.993 ,264.7 ,1130 ,470 
7.726 ,264.8 ,1132 ,470 
7.968 ,264.7 ,1111 ,470 
7.919 ,264.7 ,1120 ,470 
7.763 ,264.7 ,1119 ,470 
7.851 ,264.7 ,1124 ,470 
7.839 ,264.7 ,1125 ,470 
7.584 ,264.8 ,1132 ,470 
7.606 ,264.7 ,1134 ,470 
8.010 ,264.8 ,1140 ,470 
7.700 ,264.9 ,1140 ,470 
7.793 ,264.8 ,1142 ,470 
7.876 ,264.8 ,1157 ,470 
7.918 ,264.7 ,1157 ,470 
7.721 ,264.9 ,1158 ,470 
7.794 ,264.9 ,1158 ,470 
8.088 ,264.9 ,1159 ,470 
7.837 ,264.6 ,1160 ,470 
8.073 ,264.6 ,1141 ,470 
7.894 ,264.6 ,1151 ,470 
7.920 ,265.0 ,1160 ,470 
8.121 ,264.9 ,1158 ,470 
7.832 ,264.8 ,1160 ,470 
7.703 ,264.7 ,1157 ,470 
7.755 ,264.7 ,1192 ,470 
7.909 ,264.8 ,1203 ,470 
7.955 ,264.5 ,1211 ,470 
7.768 ,264.5 ,1211 ,470 
7.630 ,264.9 ,1051 ,470 
8.069 ,265.0 ,1050 ,465 
8.142 ,265.0 ,1060 ,465 
7.762 ,265.0 ,1065 ,465 
7.929 ,264.9 ,1083 ,465 
7.799 ,265.0 ,1049 ,465 
7.885 ,264.9 ,1060 ,465 
7.537 ,265.0 ,1080 ,475 
7.901 ,265.0 ,1090 ,475 
7.799 ,265.0 ,1066 ,475 
7.697 ,264.8 ,1100 ,475 
7.701 ,265.0 ,1105 ,475 
7.750 ,265.0 ,1169 ,475 
7.611 ,265.0 ,1175 ,475 
7.733 ,265.0 ,1176 ,475 
7.744 ,265.0 ,1170 ,475 
7.595 ,265.0 ,1175 ,475 
8.293 ,264.9 ,1169 ,465 
7.565 ,265.0 ,1170 ,465 
8.128 ,265.0 ,1171 ,465 
8.304 ,265.0 ,1175 ,465 
8.021 ,265.0 ,1189 ,465 
8.149 ,264.9 ,1178 ,460 
7.769 ,264.9 ,1181 ,460 
8.084 ,265.0 ,1199 ,460 
8.132 ,264.5 ,1196 ,460 
7.973 ,264.5 ,1198 ,460 
8.212 ,264.8 ,1217 ,460 
7.961 ,264.8 ,1213 ,460 
8.059 ,264.8 ,1215 ,460 
8.356 ,264.8 ,1214 ,460 
7.970 ,264.9 ,1221 ,460 
8.105 ,264.8 ,1220 ,460 
8.003 ,264.7 ,1227 ,460 
7.760 ,264.8 ,1211 ,460 
7.993 ,264.7 ,1205 ,460 
7.963 ,264.9 ,1206 ,460 
7.669 ,264.9 ,1213 ,460 
8.239 ,265.1 ,1216 ,460 
7.861 ,265.0 ,1200 ,460 
8.061 ,264.7 ,1211 ,460 
8.148 ,264.5 ,1206 ,460 
8.077 ,264.5 ,1213 ,460 
8.071 ,264.5 ,1220 ,460 
8.340 ,265.0 ,1200 ,460 
8.472 ,265.0 ,1202 ,460 
8.026 ,264.8 ,1216 ,460 
7.990 ,265.0 ,1226 ,460 
7.838 ,265.0 ,1220 ,460 
7.700 ,265.0 ,1225 ,460 
7.886 ,265.0 ,1224 ,460 
7.924 ,265.0 ,1225 ,460 
8.078 ,264.8 ,1220 ,460 
8.035 ,264.9 ,1216 ,460 
7.991 ,265.0 ,1220 ,460 
7.701 ,264.8 ,1211 ,465 
8.022 ,264.7 ,1231 ,465 
8.193 ,264.8 ,1237 ,465 
8.016 ,264.7 ,1218 ,465 
8.105 ,264.6 ,1220 ,465 
7.987 ,264.6 ,1221 ,465 
8.108 ,264.6 ,1226 ,460 
8.405 ,264.5 ,1230 ,460 
7.938 ,264.5 ,1240 ,460 
8.045 ,264.5 ,1237 ,460 
7.945 ,264.4 ,1238 ,460 
8.345 ,264.4 ,1239 ,460 
8.066 ,264.3 ,1226 ,460 
8.257 ,264.4 ,1241 ,460 
8.780 ,264.1 ,1236 ,460 
7.741 ,264.0 ,1240 ,460 
7.722 ,264.2 ,1251 ,460 
7.690 ,264.2 ,1251 ,460 
7.915 ,264.2 ,1189 ,460 
8.046 ,264.3 ,1180 ,460 
8.354 ,264.4 ,1198 ,470 
7.527 ,264.4 ,1200 ,480 
7.525 ,264.0 ,1205 ,480 
7.817 ,264.1 ,1206 ,480 
7.759 ,263.8 ,1210 ,475 
7.678 ,263.8 ,1202 ,475 
8.094 ,263.8 ,1203 ,475 
7.874 ,263.6 ,1194 ,480 
7.831 ,263.9 ,1190 ,480 
7.623 ,263.9 ,1197 ,480 
7.668 ,263.9 ,1198 ,475 
7.800 ,264.0 ,1157 ,475 
7.956 ,264.0 ,1153 ,475 
8.662 ,263.9 ,1124 ,470 
7.939 ,264.1 ,1120 ,470 
7.632 ,263.9 ,1130 ,470 
7.688 ,264.1 ,1193 ,470 
8.398 ,264.0 ,1180 ,470 
8.034 ,263.9 ,1160 ,470 
8.200 ,264.0 ,1160 ,470 
7.844 ,264.0 ,1056 ,470 
8.084 ,264.0 ,1035 ,470 
8.224 ,263.9 ,1012 ,475 
8.395 ,264.0 ,975 ,475 
8.208 ,264.0 ,975 ,475 
8.207 ,264.0 ,977 ,475 
7.997 ,264.1 ,936 ,475 
7.694 ,264.2 ,966 ,475 
7.979 ,264.1 ,1081 ,475 
8.036 ,264.2 ,1146 ,475 
7.858 ,264.2 ,1166 ,475 
7.870 ,264.1 ,1170 ,475 
7.943 ,264.0 ,1153 ,475 
8.387 ,264.0 ,1146 ,475 
8.432 ,264.0 ,1152 ,475 
7.837 ,264.0 ,1153 ,475 
7.701 ,264.0 ,1170 ,475 
7.984 ,263.8 ,1165 ,475 
7.866 ,263.9 ,1180 ,475 
7.668 ,264.0 ,1190 ,475 
8.021 ,264.0 ,1198 ,475 
7.661 ,264.0 ,1200 ,475 
8.245 ,264.0 ,1222 ,475 
7.970 ,264.0 ,1235 ,475 
7.671 ,264.0 ,1222 ,500 
7.590 ,264.1 ,1237 ,495 
7.915 ,264.0 ,1238 ,490 
7.625 ,264.0 ,1251 ,490 
7.718 ,264.1 ,1273 ,490 
7.732 ,264.0 ,1268 ,490 
7.789 ,264.0 ,1284 ,490 
7.833 ,264.1 ,1287 ,490 
7.938 ,264.1 ,1294 ,480 
7.710 ,264.2 ,1304 ,480 
8.059 ,264.2 ,1306 ,480 
7.638 ,264.0 ,1266 ,480 
8.103 ,264.0 ,1274 ,460 
7.872 ,264.1 ,1270 ,460 
7.942 ,264.0 ,1245 ,460 
7.847 ,264.0 ,1255 ,460 
7.910 ,264.0 ,1300 ,460 
8.038 ,264.0 ,1307 ,460 
7.852 ,263.5 ,1317 ,460 
7.816 ,264.0 ,1320 ,460 
7.691 ,264.0 ,1315 ,460 
8.118 ,264.0 ,1286 ,460 
7.873 ,264.0 ,1310 ,460 
8.002 ,264.0 ,1349 ,460 
7.804 ,264.1 ,1353 ,460 
8.082 ,264.0 ,1364 ,460 
8.360 ,264.1 ,1377 ,460 
7.854 ,264.1 ,1345 ,460 
7.890 ,264.1 ,1379 ,460 
8.253 ,264.1 ,1350 ,460 
8.429 ,264.0 ,1337 ,460 
7.791 ,264.0 ,1352 ,460 
8.239 ,264.0 ,1377 ,460 
7.915 ,264.0 ,1401 ,460 
7.615 ,264.0 ,1400 ,460 
8.073 ,264.1 ,1397 ,460 
7.810 ,264.1 ,1402 ,460 
7.755 ,264.2 ,1403 ,460 
7.997 ,264.2 ,1435 ,460 
7.821 ,264.0 ,1450 ,460 
8.047 ,264.0 ,1449 ,460 
7.806 ,264.3 ,1437 ,460 
7.754 ,264.2 ,1451 ,460 
8.002 ,264.2 ,1463 ,460 
7.782 ,264.2 ,1430 ,460 
7.814 ,264.2 ,1440 ,460 
7.526 ,264.0 ,1091 ,475 
7.786 ,264.0 ,1169 ,470 
7.949 ,264.0 ,1184 ,465 
7.888 ,264.0 ,1203 ,465 
7.758 ,264.1 ,1223 ,465 
7.628 ,264.0 ,1233 ,465 
7.902 ,263.9 ,1238 ,460 
7.550 ,264.0 ,1245 ,460 
7.544 ,264.0 ,1240 ,460 
7.991 ,264.0 ,1266 ,460 
7.835 ,264.0 ,1275 ,460 
7.727 ,264.2 ,1288 ,460 
7.879 ,264.1 ,1315 ,465 
7.891 ,264.0 ,1377 ,480 
8.222 ,264.0 ,1400 ,480 
7.935 ,264.0 ,1422 ,480 
7.689 ,264.3 ,1449 ,480 
7.988 ,264.0 ,1445 ,480 
7.773 ,264.2 ,1450 ,480 
7.784 ,264.1 ,1467 ,480 
7.893 ,264.0 ,1465 ,470 
8.094 ,263.9 ,1460 ,470 
8.095 ,264.1 ,1465 ,470 
8.002 ,264.1 ,1422 ,465 
8.373 ,264.0 ,1424 ,460 
7.658 ,264.0 ,1424 ,460 
8.428 ,264.2 ,1422 ,460 
8.091 ,263.9 ,1430 ,460 
7.707 ,264.0 ,1436 ,460 
7.841 ,264.2 ,1440 ,460 
8.005 ,264.2 ,1444 ,460 
7.913 ,264.2 ,1462 ,460 
8.039 ,264.2 ,1462 ,460 
8.077 ,264.2 ,1430 ,460 
8.189 ,264.0 ,1437 ,460 
8.271 ,264.1 ,1434 ,460 
7.922 ,264.0 ,1438 ,460 
8.055 ,264.0 ,1438 ,460 
7.985 ,264.0 ,1501 ,460 
8.050 ,264.2 ,1513 ,460 
7.791 ,264.2 ,1510 ,460 
7.824 ,264.2 ,1511 ,460 
7.591 ,264.1 ,1514 ,460 
8.090 ,264.1 ,1510 ,460 
8.126 ,264.0 ,1521 ,460 
7.847 ,264.3 ,1523 ,460 
7.970 ,264.0 ,1523 ,460 
7.717 ,264.1 ,1550 ,455 
8.261 ,264.2 ,1540 ,455 
8.372 ,264.0 ,1498 ,455 
8.365 ,264.0 ,1480 ,455 
7.936 ,264.0 ,1466 ,460 
7.980 ,264.0 ,1472 ,460 
8.114 ,264.0 ,1478 ,460 
7.823 ,264.0 ,1480 ,460 
7.801 ,264.1 ,1481 ,460 
7.851 ,264.0 ,1490 ,460 
8.594 ,264.1 ,1491 ,460 
8.060 ,264.0 ,1500 ,460 
7.717 ,264.0 ,1400 ,460 
7.998 ,264.3 ,1495 ,465 
7.760 ,263.9 ,1532 ,460 
8.062 ,264.0 ,1598 ,460 
7.689 ,264.0 ,1604 ,460 
7.983 ,264.1 ,1601 ,460 
8.314 ,264.5 ,1605 ,460 
8.106 ,264.2 ,1594 ,460 
7.570 ,264.2 ,1595 ,460 
7.687 ,264.1 ,1564 ,460 
7.656 ,264.1 ,1565 ,460 
7.870 ,264.1 ,1594 ,460 
8.046 ,264.1 ,1600 ,465 
7.678 ,264.0 ,1615 ,465 
7.676 ,264.0 ,1630 ,460 
8.183 ,264.2 ,1645 ,455 
7.644 ,264.0 ,1652 ,455 
8.104 ,264.0 ,1650 ,455 
7.592 ,264.0 ,1672 ,455 
8.556 ,264.0 ,1682 ,455 
7.786 ,264.0 ,1694 ,455 
8.200 ,264.2 ,1700 ,455 
7.768 ,264.1 ,1701 ,455 
8.044 ,264.0 ,1710 ,455 
7.767 ,264.1 ,1714 ,455 
8.406 ,264.0 ,1720 ,455 
7.965 ,264.0 ,1711 ,455 
7.816 ,264.0 ,1721 ,455 
7.539 ,269.4 ,1635 ,475 
7.620 ,269.4 ,1676 ,475 
7.899 ,269.5 ,1716 ,475 
8.008 ,269.4 ,1721 ,475 
7.818 ,269.4 ,1725 ,475 
7.587 ,269.4 ,1724 ,485 
7.647 ,269.4 ,1722 ,485 
7.992 ,269.5 ,1738 ,485 
7.690 ,269.5 ,1738 ,485 
7.599 ,269.5 ,1725 ,485 
7.734 ,269.5 ,1750 ,480 
8.128 ,270.0 ,1767 ,475 
8.061 ,270.0 ,1765 ,475 
8.742 ,258.9 ,1250 ,440 
8.115 ,259.0 ,1253 ,450 
8.699 ,259.1 ,1347 ,450 
8.111 ,259.3 ,1366 ,450 
7.903 ,259.3 ,1375 ,450 
7.526 ,259.4 ,1378 ,450 
8.023 ,259.4 ,1390 ,450 
8.352 ,259.4 ,1384 ,450 
7.950 ,259.4 ,1394 ,450 
8.130 ,259.4 ,1390 ,450 
7.947 ,270.1 ,1788 ,475 
7.803 ,270.0 ,1695 ,475 
7.932 ,270.0 ,1700 ,470 
7.938 ,270.0 ,1700 ,460 
8.070 ,270.0 ,1715 ,460 
7.759 ,270.2 ,1722 ,460 
8.025 ,270.1 ,1723 ,460 
7.508 ,270.4 ,1725 ,460 
7.686 ,270.1 ,1747 ,460 
8.155 ,270.0 ,1770 ,460 
7.993 ,270.0 ,1775 ,460 
7.989 ,270.2 ,1768 ,460 
7.952 ,269.7 ,1881 ,460 
7.896 ,269.7 ,1890 ,460 
8.103 ,269.8 ,1892 ,455 
7.635 ,269.8 ,1876 ,460 
7.727 ,269.8 ,1881 ,460 
7.528 ,274.8 ,1712 ,460 
7.613 ,274.8 ,1710 ,460 
8.109 ,274.8 ,1750 ,460 
7.744 ,275.2 ,1589 ,450 
7.708 ,275.2 ,1591 ,450 
7.787 ,275.1 ,1600 ,450 
7.574 ,275.1 ,1661 ,450 
8.015 ,275.0 ,1671 ,450 
8.138 ,275.1 ,1709 ,460 
7.860 ,274.6 ,1710 ,460 
8.125 ,274.7 ,1694 ,460 
7.743 ,275.1 ,1701 ,460 
7.778 ,275.0 ,1700 ,455 
8.164 ,275.4 ,1725 ,455 
7.645 ,275.0 ,1733 ,455 
8.414 ,275.0 ,1711 ,455 
8.091 ,275.0 ,1715 ,455 
7.922 ,274.3 ,1713 ,455 
7.650 ,274.5 ,1716 ,455 
7.663 ,274.5 ,1720 ,455 
7.790 ,274.5 ,1756 ,455 
8.218 ,274.3 ,1781 ,485 
8.493 ,274.3 ,1814 ,485 
8.084 ,274.3 ,1819 ,485 
7.619 ,274.3 ,1799 ,485 
8.005 ,274.5 ,1836 ,485 
8.103 ,274.5 ,1854 ,485 
7.948 ,274.5 ,1854 ,485 
7.861 ,274.5 ,1860 ,485 
8.099 ,274.5 ,1868 ,485 
8.098 ,274.8 ,1870 ,490 
7.708 ,274.4 ,1554 ,465 
7.929 ,274.4 ,1574 ,465 
8.163 ,274.2 ,1450 ,425 
7.928 ,274.2 ,1418 ,425 
8.122 ,274.2 ,1410 ,430 
7.682 ,274.3 ,1411 ,430 
7.968 ,274.3 ,1405 ,430 
8.458 ,274.2 ,1400 ,430 
8.447 ,274.3 ,1396 ,430 
8.948 ,274.0 ,1389 ,430 
7.708 ,274.0 ,1375 ,440 
7.710 ,274.0 ,1374 ,440 
7.875 ,274.3 ,1377 ,440 
8.355 ,274.2 ,1375 ,440 
7.820 ,274.1 ,1387 ,450 
7.829 ,274.3 ,1391 ,450 
7.684 ,274.4 ,1390 ,450 
7.614 ,274.4 ,1369 ,450 
7.901 ,274.4 ,1361 ,455 
7.829 ,274.3 ,1360 ,455 
7.722 ,274.3 ,1349 ,445 
8.021 ,274.5 ,1357 ,445 
8.565 ,274.0 ,1360 ,445 
7.941 ,274.3 ,1328 ,445 
7.573 ,274.2 ,1480 ,470 
7.682 ,274.4 ,1471 ,470 
7.908 ,274.4 ,1471 ,470 
8.033 ,274.4 ,1444 ,470 
7.697 ,274.4 ,1454 ,470 
8.129 ,274.4 ,1430 ,470 
7.933 ,274.4 ,1435 ,470 
8.679 ,274.4 ,1409 ,470 
8.547 ,274.0 ,1382 ,470 
7.838 ,274.0 ,1386 ,470 
7.773 ,274.3 ,1389 ,470 
7.979 ,274.1 ,1396 ,470 
7.703 ,274.2 ,1472 ,470 
7.981 ,274.3 ,1456 ,470 
7.744 ,274.3 ,1470 ,470 
7.959 ,274.2 ,1480 ,470 
7.708 ,274.2 ,1478 ,465 
7.574 ,274.2 ,1485 ,465 
7.716 ,274.3 ,1465 ,465 
7.579 ,274.2 ,1477 ,465 
8.938 ,274.1 ,1254 ,465 
7.519 ,274.2 ,1230 ,460 
7.971 ,274.2 ,1237 ,460 
8.177 ,274.1 ,1248 ,460 
7.511 ,274.2 ,1300 ,460 
7.884 ,274.2 ,1302 ,460 
7.831 ,274.0 ,1320 ,460 
7.941 ,274.2 ,1355 ,465 
7.637 ,274.0 ,1334 ,465 
7.529 ,274.2 ,1300 ,465 
8.716 ,274.1 ,1356 ,465 
7.977 ,274.1 ,1377 ,465 
8.449 ,274.2 ,1380 ,455 
8.412 ,274.3 ,1370 ,455 
7.668 ,274.2 ,1385 ,455 
8.563 ,274.1 ,1367 ,460 
8.132 ,274.2 ,1387 ,460 
7.693 ,274.3 ,1390 ,460 
9.147 ,274.2 ,1396 ,460 
8.440 ,274.2 ,1400 ,470 
8.018 ,274.5 ,1430 ,470 
8.573 ,274.3 ,1441 ,470 
8.050 ,274.0 ,1450 ,470 
8.108 ,274.2 ,1455 ,470 
7.715 ,274.2 ,1450 ,475 
8.072 ,274.0 ,1463 ,475 
8.241 ,274.0 ,1460 ,475 
7.529 ,274.0 ,1280 ,465 
7.588 ,274.0 ,1320 ,465 
7.907 ,274.0 ,1440 ,465 
7.674 ,274.0 ,1462 ,465 
7.752 ,274.0 ,1460 ,465 
7.548 ,274.4 ,1487 ,465 
7.565 ,274.4 ,1487 ,470 
8.052 ,274.8 ,1513 ,480 
7.927 ,274.3 ,1510 ,480 
8.262 ,275.0 ,1520 ,480 
8.354 ,275.0 ,1517 ,480 
7.799 ,275.0 ,1531 ,480 
7.755 ,274.9 ,1471 ,480 
7.732 ,274.3 ,1380 ,480 
7.817 ,274.6 ,1390 ,480 
7.684 ,274.3 ,1411 ,480 
8.039 ,274.7 ,1411 ,480 
8.084 ,274.5 ,1413 ,475 
7.523 ,274.5 ,1425 ,475 
7.553 ,274.5 ,1410 ,475 
8.425 ,274.5 ,1415 ,475 
7.925 ,274.5 ,1432 ,475 
7.558 ,274.5 ,1431 ,475 
8.027 ,274.5 ,1433 ,475 
7.654 ,271.9 ,1530 ,485 
7.933 ,272.0 ,1540 ,485 
7.738 ,272.0 ,1556 ,485 
7.644 ,272.0 ,1574 ,485 
7.743 ,271.7 ,1614 ,485 
7.899 ,272.0 ,1610 ,485 
7.962 ,272.0 ,1655 ,485 
8.800 ,272.0 ,1699 ,485 
8.162 ,272.0 ,1680 ,485 
8.620 ,272.0 ,1680 ,485 
7.548 ,272.0 ,1630 ,485 
7.619 ,271.9 ,1627 ,485 
8.046 ,272.0 ,1623 ,485 
8.381 ,273.9 ,1603 ,480 
7.671 ,274.0 ,1610 ,480 
8.178 ,274.0 ,1600 ,480 
7.977 ,274.0 ,1602 ,480 
8.082 ,274.0 ,1592 ,480 
7.999 ,274.0 ,1598 ,480 
8.022 ,274.0 ,1585 ,480 
7.694 ,274.0 ,1588 ,480 
8.048 ,274.0 ,1594 ,480 
7.646 ,274.0 ,1600 ,480 
8.408 ,274.0 ,1607 ,475 
7.743 ,274.0 ,1605 ,475 
7.707 ,273.7 ,1611 ,480 
7.672 ,274.0 ,1616 ,480 
8.026 ,273.7 ,1635 ,480 
7.656 ,267.6 ,1665 ,495 
8.601 ,267.7 ,1649 ,480 
7.843 ,267.8 ,1655 ,480 
8.098 ,268.0 ,1658 ,480 
7.979 ,268.0 ,1666 ,480 
8.267 ,267.7 ,1670 ,480 
7.763 ,267.7 ,1680 ,480 
7.699 ,267.7 ,1685 ,480 
8.097 ,270.4 ,1494 ,500 
8.273 ,270.2 ,1413 ,500 
7.551 ,270.0 ,1420 ,495 
7.620 ,270.2 ,1556 ,500 
7.649 ,270.2 ,1573 ,495 
8.433 ,270.1 ,1580 ,495 
7.839 ,270.2 ,1595 ,485 
7.545 ,270.4 ,1619 ,485 
7.661 ,270.1 ,1613 ,485 
7.769 ,270.2 ,1618 ,485 
7.596 ,270.2 ,1602 ,485 
7.740 ,270.0 ,1621 ,485 
7.821 ,270.7 ,1630 ,485 
7.812 ,270.1 ,1633 ,485 
7.830 ,270.0 ,1638 ,490 
8.151 ,270.0 ,1640 ,485 
7.852 ,270.0 ,1650 ,485 
8.616 ,270.0 ,1605 ,480 
8.193 ,270.0 ,1595 ,480 
7.957 ,270.0 ,1590 ,480 
7.647 ,270.1 ,1610 ,480 
7.889 ,270.1 ,1607 ,480 
7.962 ,270.3 ,1609 ,480 
8.094 ,270.3 ,1604 ,480 
7.663 ,270.3 ,1614 ,480 
7.851 ,270.4 ,1602 ,480 
8.112 ,270.0 ,1614 ,480 
8.283 ,270.2 ,1611 ,480 
7.642 ,270.2 ,1516 ,450 
8.382 ,270.3 ,1504 ,450 
7.999 ,270.3 ,1493 ,450 
7.953 ,269.8 ,1484 ,450 
8.061 ,270.0 ,1482 ,450 
7.647 ,270.1 ,1477 ,450 
8.331 ,270.1 ,1473 ,450 
7.532 ,270.0 ,1475 ,450 
8.186 ,270.1 ,1474 ,450 
8.054 ,270.1 ,1464 ,450 
8.105 ,269.8 ,1455 ,460 
7.957 ,270.0 ,1452 ,460 
7.956 ,270.0 ,1472 ,460 
7.855 ,269.9 ,1459 ,460 
7.627 ,270.0 ,1455 ,460 
7.652 ,270.0 ,1437 ,460 
7.815 ,270.1 ,1432 ,460 
7.561 ,270.0 ,1419 ,460 
7.882 ,270.1 ,1406 ,460 
7.507 ,273.6 ,1840 ,480 
7.743 ,273.8 ,1860 ,480 
7.710 ,273.8 ,1865 ,485 
8.092 ,273.9 ,1872 ,485 
7.608 ,273.6 ,1874 ,485 
8.024 ,273.8 ,1957 ,485 
7.761 ,273.9 ,1960 ,470 
8.083 ,273.9 ,1965 ,470 
7.801 ,273.7 ,1971 ,470 
7.857 ,273.7 ,1985 ,470 
7.759 ,273.7 ,1990 ,470 
8.110 ,273.6 ,1986 ,475 
8.419 ,273.4 ,1983 ,475 
7.895 ,273.4 ,1986 ,475 
8.111 ,273.0 ,1983 ,495 
7.587 ,273.8 ,1970 ,495 
7.505 ,273.8 ,1970 ,495 
7.570 ,274.0 ,1980 ,495 
7.602 ,274.0 ,1980 ,495 
7.645 ,274.0 ,1970 ,495 
7.670 ,274.0 ,1975 ,495 
7.734 ,275.0 ,1983 ,490 
8.366 ,275.0 ,1980 ,495 
7.791 ,275.0 ,1955 ,495 
7.859 ,274.8 ,1890 ,480 
7.529 ,274.9 ,1880 ,480 
7.698 ,274.9 ,1888 ,480 
7.594 ,274.9 ,1887 ,480 
7.765 ,274.9 ,1890 ,480 
7.734 ,274.8 ,1880 ,470 
7.657 ,274.8 ,1883 ,470 
7.953 ,274.8 ,1880 ,470 
8.352 ,274.9 ,1887 ,470 
8.112 ,274.8 ,1890 ,470 
8.068 ,274.8 ,1892 ,470 
8.425 ,274.8 ,1895 ,470 
8.297 ,274.8 ,1900 ,470 
8.597 ,270.0 ,1190 ,440 
7.878 ,270.0 ,1255 ,455 
7.752 ,270.7 ,1330 ,455 
7.937 ,270.8 ,1389 ,455 
8.245 ,270.8 ,1438 ,455 
8.245 ,270.8 ,1468 ,450 
8.452 ,271.0 ,1484 ,450 
7.862 ,271.0 ,1720 ,480 
8.024 ,271.1 ,1780 ,490 
7.907 ,271.2 ,1800 ,495 
7.588 ,270.0 ,1144 ,420 
7.686 ,270.1 ,1163 ,420 
7.760 ,270.3 ,1172 ,430 
7.865 ,272.1 ,1165 ,425 
7.547 ,271.8 ,1155 ,420 
7.861 ,271.8 ,1165 ,420 
7.951 ,272.0 ,1180 ,420 
8.036 ,271.9 ,1177 ,420 
7.673 ,265.0 ,1212 ,440 
7.946 ,265.0 ,1212 ,435 
8.105 ,265.0 ,1238 ,420 
7.837 ,264.9 ,1250 ,440 
7.908 ,264.9 ,1250 ,450 
8.141 ,255.0 ,1297 ,460 
7.816 ,254.7 ,1294 ,460 
8.173 ,254.7 ,1305 ,460 
8.663 ,270.1 ,1428 ,460 
7.882 ,270.1 ,1455 ,460 
7.930 ,270.5 ,1477 ,460 
8.420 ,270.0 ,1480 ,460 
7.818 ,270.4 ,1498 ,460 
8.317 ,270.8 ,1518 ,460 
7.546 ,270.6 ,1532 ,460 
7.800 ,270.7 ,1520 ,460 
7.761 ,270.7 ,1518 ,460 
7.725 ,270.6 ,1525 ,455 
7.633 ,270.6 ,1538 ,450 
8.398 ,270.7 ,1535 ,460 
7.509 ,270.7 ,1566 ,465 
7.932 ,270.7 ,1569 ,475 
7.786 ,270.6 ,1587 ,475 
8.498 ,270.7 ,1600 ,455 
8.445 ,270.7 ,1595 ,455 
8.983 ,270.7 ,1594 ,465 
7.878 ,270.8 ,1599 ,465 
8.135 ,270.8 ,1615 ,465 
7.944 ,270.2 ,1607 ,465 
8.078 ,270.7 ,1630 ,465 
7.934 ,270.7 ,1649 ,465 
8.225 ,270.6 ,1636 ,465 
7.912 ,270.9 ,1650 ,465 
8.154 ,270.8 ,1645 ,465 
7.687 ,270.8 ,1630 ,460 
7.800 ,270.8 ,1630 ,460 
8.058 ,270.9 ,1615 ,460 
8.413 ,271.0 ,1620 ,460 
8.360 ,268.7 ,1460 ,420 
7.514 ,268.7 ,1461 ,420 
7.529 ,268.5 ,1447 ,420 
8.854 ,268.4 ,1452 ,420 
8.736 ,268.7 ,1455 ,420 
7.752 ,268.5 ,1446 ,425 
7.939 ,268.5 ,1455 ,425 
7.617 ,269.0 ,1447 ,425 
8.014 ,268.5 ,1445 ,425 
7.806 ,268.6 ,1450 ,425 
7.599 ,268.7 ,1450 ,425 
8.304 ,268.9 ,1455 ,425 
7.923 ,268.5 ,1442 ,425 
7.919 ,268.4 ,1445 ,425 
8.309 ,268.5 ,1440 ,410 
8.104 ,268.5 ,1457 ,410 
7.968 ,268.6 ,1462 ,410 
7.930 ,268.3 ,1484 ,410 
7.807 ,268.3 ,1510 ,410 
8.603 ,268.4 ,1524 ,410 
8.221 ,265.6 ,1492 ,425 
8.043 ,265.3 ,1485 ,425 
7.613 ,265.3 ,1485 ,425 
8.028 ,265.2 ,1280 ,420 
8.451 ,265.1 ,1321 ,410 
8.527 ,265.2 ,1331 ,410 
8.068 ,265.3 ,1343 ,415 
9.078 ,265.3 ,1315 ,415 
8.214 ,265.3 ,1300 ,415 
8.266 ,265.3 ,1300 ,415 
7.962 ,265.2 ,1297 ,430 
7.898 ,265.2 ,1288 ,430 
7.670 ,265.2 ,1290 ,430 
7.800 ,265.4 ,1290 ,430 
8.381 ,265.0 ,1283 ,430 
8.649 ,265.1 ,1295 ,430 
8.267 ,265.4 ,1295 ,430 
8.487 ,265.2 ,1309 ,430 
8.085 ,265.2 ,1329 ,430 
8.391 ,265.0 ,1400 ,435 
7.532 ,265.2 ,1446 ,450 
7.537 ,265.1 ,1460 ,450 
7.836 ,265.0 ,1445 ,450 
7.706 ,264.9 ,1440 ,450 
7.773 ,265.1 ,1436 ,450 
7.855 ,265.0 ,1447 ,450 
7.654 ,265.0 ,1432 ,450 
7.582 ,265.0 ,1438 ,450 
7.549 ,265.2 ,1471 ,450 
7.634 ,265.2 ,1473 ,450 
7.913 ,265.2 ,1478 ,450 
7.658 ,264.9 ,1500 ,450 
8.149 ,265.0 ,1751 ,460 
7.617 ,264.9 ,1781 ,460 
7.575 ,265.0 ,1800 ,460 
7.536 ,270.2 ,1750 ,450 
7.652 ,272.0 ,1750 ,450 
7.927 ,273.0 ,1777 ,450 
8.314 ,270.8 ,1776 ,450 
7.652 ,270.8 ,1790 ,450 
7.513 ,268.8 ,1568 ,475 
7.629 ,268.9 ,1563 ,475 
7.765 ,268.9 ,1565 ,470 
7.594 ,269.0 ,1549 ,470 
8.085 ,269.0 ,1545 ,465 
7.784 ,268.7 ,1563 ,465 
7.685 ,269.0 ,1536 ,465 
7.649 ,269.2 ,1563 ,465 
7.785 ,269.2 ,1507 ,465 
7.632 ,268.7 ,1510 ,465 
7.666 ,268.8 ,1504 ,465 
7.885 ,268.7 ,1507 ,465 
7.767 ,268.8 ,1505 ,465 
7.779 ,268.9 ,1498 ,460 
7.892 ,268.8 ,1496 ,460 
8.103 ,268.8 ,1605 ,465 
7.728 ,266.8 ,1615 ,465 
8.159 ,268.9 ,1615 ,465 
8.121 ,268.9 ,1639 ,465 
8.098 ,269.0 ,1637 ,465 
8.725 ,268.8 ,1658 ,465 
8.442 ,268.5 ,1650 ,470 
8.010 ,268.5 ,1650 ,470 
7.644 ,270.0 ,1190 ,435 
7.884 ,270.0 ,1211 ,425 
8.400 ,269.8 ,1227 ,425 
7.756 ,269.5 ,1240 ,425 
7.992 ,269.5 ,1240 ,425 
8.296 ,269.8 ,1250 ,425 
8.456 ,269.7 ,1255 ,425 
7.989 ,269.6 ,1266 ,425 
8.938 ,269.5 ,1262 ,425 
7.990 ,269.7 ,1274 ,425 
8.858 ,269.7 ,1325 ,435 
8.299 ,270.0 ,1345 ,435 
8.356 ,270.2 ,1343 ,435 
7.910 ,269.8 ,1352 ,435 
8.138 ,269.5 ,1325 ,435 
7.641 ,269.6 ,1330 ,435 
7.500 ,269.8 ,1331 ,435 
8.491 ,269.6 ,1294 ,435 
8.082 ,269.5 ,1296 ,430 
7.815 ,270.0 ,1310 ,430 
7.878 ,270.0 ,1305 ,430 
7.711 ,270.0 ,1317 ,430 
7.759 ,269.5 ,1325 ,430 
7.812 ,269.8 ,1530 ,455 
7.539 ,269.5 ,1583 ,465 
7.920 ,270.0 ,1591 ,470 
8.295 ,270.0 ,1633 ,470 
8.281 ,270.0 ,1640 ,470 
8.163 ,270.0 ,1625 ,475 
7.751 ,270.0 ,1583 ,475 
8.841 ,270.2 ,1515 ,450 
8.525 ,270.0 ,1523 ,455 
8.437 ,270.0 ,1531 ,455 
7.574 ,270.0 ,1533 ,455 
8.223 ,270.0 ,1523 ,455 
8.184 ,270.0 ,1525 ,455 
7.716 ,269.7 ,1520 ,455 
7.577 ,270.5 ,1584 ,480 
7.951 ,270.5 ,1576 ,480 
7.950 ,269.9 ,1595 ,475 
7.793 ,269.8 ,1597 ,480 
7.839 ,270.0 ,1590 ,480 
8.015 ,269.9 ,1592 ,480 
7.752 ,269.8 ,1574 ,480 
8.108 ,269.9 ,1594 ,475 
7.896 ,269.9 ,1597 ,470 
8.037 ,269.8 ,1603 ,470 
8.373 ,270.1 ,1605 ,470 
7.996 ,270.0 ,1612 ,465 
8.095 ,270.0 ,1610 ,465 
7.901 ,270.0 ,1634 ,465 
8.038 ,270.0 ,1631 ,465 
7.910 ,270.0 ,1590 ,475 
7.688 ,270.0 ,1572 ,475 
7.774 ,269.9 ,1574 ,475 
7.793 ,270.0 ,1575 ,475 
7.726 ,270.0 ,1583 ,475 
8.017 ,270.0 ,1588 ,475 
8.358 ,270.0 ,1600 ,475 
7.688 ,270.0 ,1613 ,475 
7.887 ,270.0 ,1603 ,470 
7.926 ,270.0 ,1604 ,470 
8.085 ,270.0 ,1608 ,470 
7.580 ,270.1 ,1611 ,470 
